<?xml version="1.0" encoding="utf-8" ?>
<kml xmlns="http://www.opengis.net/kml/2.2">
<Document id="root_doc">
<Schema name="REURB" id="REURB">
	<SimpleField name="fid" type="float"></SimpleField>
	<SimpleField name="PROCESSO" type="string"></SimpleField>
	<SimpleField name="MODALIDADE" type="string"></SimpleField>
	<SimpleField name="NOME_LOTEAMENTO" type="string"></SimpleField>
	<SimpleField name="OBSERVACAO" type="string"></SimpleField>
	<SimpleField name="MATRICULA" type="string"></SimpleField>
	<SimpleField name="QUANT_LOTES" type="int"></SimpleField>
	<SimpleField name="AREA_M2" type="float"></SimpleField>
	<SimpleField name="DECRETO_REURB" type="string"></SimpleField>
	<SimpleField name="SITUACAO" type="string"></SimpleField>
</Schema>
<Folder><name>REURB</name>
  <Placemark id="REURB.1">
	<Style><LineStyle><color>ff0000ff</color></LineStyle><PolyStyle><fill>0</fill></PolyStyle></Style>
	<ExtendedData><SchemaData schemaUrl="#REURB">
		<SimpleData name="fid">1</SimpleData>
		<SimpleData name="NOME_LOTEAMENTO">Fazenda Palestina</SimpleData>
		<SimpleData name="MATRICULA">124.275</SimpleData>
		<SimpleData name="SITUACAO">Fazenda Palestina</SimpleData>
	</SchemaData></ExtendedData>
      <Polygon><outerBoundaryIs><LinearRing><coordinates>-47.3400678115677,-20.5211773657677 -47.3399687831373,-20.5211111974898 -47.3398683801774,-20.5210512617602 -47.3397652281565,-20.5210037911253 -47.3397121917075,-20.5209866778894 -47.3396579525442,-20.5209750181325 -47.3396023388505,-20.5209695909228 -47.33954517881,-20.5209711753289 -47.3394863012215,-20.5209805500001 -47.3394261782544,-20.5209980552205 -47.3393671434952,-20.5210227629844 -47.3393118652137,-20.5210535172474 -47.3392630116796,-20.521089161965 -47.3392232511628,-20.5211285410925 -47.3391952519331,-20.5211704985855 -47.3391816822548,-20.5212138784005 -47.3391842276009,-20.5212577123254 -47.3392008498557,-20.5213017438014 -47.339228629188,-20.5213458847835 -47.3392646457662,-20.5213900472266 -47.3393497113353,-20.5214780843159 -47.339432687912,-20.5215651507091 -47.3394660932497,-20.5216080997821 -47.3394901134829,-20.5216507870193 -47.3395001620191,-20.5216970746727 -47.3394981367731,-20.521723668684 -47.3394997626527,-20.5217382395482 -47.3394904401125,-20.5217536978522 -47.3394579791669,-20.5218237552743 -47.3394516730151,-20.5218363266899 -47.3401530442685,-20.5224249390243 -47.3408550446776,-20.5231509221362 -47.33975205697,-20.5233245175892 -47.3398886730971,-20.5235063827045 -47.3399466246326,-20.5236019067094 -47.3399935695326,-20.5237022788492 -47.3400307500304,-20.5238068289324 -47.3400600948127,-20.5239145672074 -47.3401029919786,-20.5241356493259 -47.3401336637261,-20.5243580301847 -47.3401532098954,-20.5242636429969 -47.3401648400729,-20.5241688147083 -47.3401639552757,-20.5240732890512 -47.3401558876486,-20.523977363148 -47.3417394874194,-20.5235126945437 -47.341326099544,-20.5232119931999 -47.3416253597525,-20.5229482045277 -47.3414295273689,-20.5228594393663 -47.3411215456934,-20.5221885128356 -47.3407912733383,-20.5218379306915 -47.340866749965,-20.5216651553603 -47.3405543671851,-20.5213021972138 -47.3406042851512,-20.5212391232992 -47.3408445989054,-20.5207274571132 -47.3411512316952,-20.5201281309694 -47.3414244612372,-20.5202427420672 -47.3415006589504,-20.5200765026508 -47.341706570078,-20.5199672909055 -47.3418120722067,-20.5196737693546 -47.3415305294027,-20.5192342971838 -47.3411321544366,-20.5194581135741 -47.3410162211589,-20.5195591134558 -47.3409073078628,-20.5196589937548 -47.3408054145472,-20.5197577544702 -47.3407105412122,-20.519855395602 -47.3406226878576,-20.5199519171501 -47.3405418544836,-20.5200473191146 -47.3404680410901,-20.5201416014954 -47.3404012476771,-20.5202347642926 -47.3403414742447,-20.5203268075062 -47.3402887207927,-20.5204177311362 -47.3402429873213,-20.5205075351825 -47.3402042738304,-20.5205962196451 -47.3401725803201,-20.5206837845241 -47.3401479067902,-20.5207702298195 -47.3401302532409,-20.5208555555313 -47.3401196196721,-20.5209397616594 -47.3403890205266,-20.5211628186193 -47.3402997794807,-20.5212573409966 -47.3400678115677,-20.5211773657677</coordinates></LinearRing></outerBoundaryIs></Polygon>
  </Placemark>
  <Placemark id="REURB.2">
	<Style><LineStyle><color>ff0000ff</color></LineStyle><PolyStyle><fill>0</fill></PolyStyle></Style>
	<ExtendedData><SchemaData schemaUrl="#REURB">
		<SimpleData name="fid">2</SimpleData>
		<SimpleData name="NOME_LOTEAMENTO">Fazenda Palestina</SimpleData>
		<SimpleData name="MATRICULA">76.953, 117.076, 117.077, 82.358, 109.090, 109.091, 101.540, 119.849, 119.850, 119.851</SimpleData>
		<SimpleData name="SITUACAO">Fazenda Palestina</SimpleData>
	</SchemaData></ExtendedData>
      <Polygon><outerBoundaryIs><LinearRing><coordinates>-47.3399687831373,-20.5211111974898 -47.3400678115677,-20.5211773657677 -47.3402997794807,-20.5212573409966 -47.3403890205266,-20.5211628186193 -47.3401196196721,-20.5209397616594 -47.3401302532409,-20.5208555555313 -47.3401479067902,-20.5207702298195 -47.3401725803201,-20.5206837845241 -47.3402042738304,-20.5205962196451 -47.3402429873213,-20.5205075351825 -47.3402887207927,-20.5204177311362 -47.3403414742447,-20.5203268075062 -47.3404012476771,-20.5202347642926 -47.3404680410901,-20.5201416014954 -47.3405418544836,-20.5200473191146 -47.3406226878576,-20.5199519171501 -47.3407105412122,-20.519855395602 -47.3408054145472,-20.5197577544702 -47.3409073078628,-20.5196589937548 -47.3410162211589,-20.5195591134558 -47.3411321544366,-20.5194581135741 -47.3415305294027,-20.5192342971838 -47.3418120722067,-20.5196737693546 -47.3421696958725,-20.5195544507838 -47.3425720727092,-20.5193801970953 -47.3429684440236,-20.5187787410801 -47.3432567141357,-20.5188742994462 -47.3437191469162,-20.5187393934189 -47.3437311583207,-20.5184752023788 -47.3439692750019,-20.5182698384721 -47.3449282446226,-20.5169328092208 -47.3450292955665,-20.5165377960116 -47.3449579654673,-20.5160815836568 -47.3449995747218,-20.5156476254859 -47.3451481789454,-20.5153750107543 -47.3450709048211,-20.5151747223534 -47.3447724969957,-20.5150994647055 -47.3445406742632,-20.5148602313429 -47.3445763394926,-20.5146821971259 -47.3445109534184,-20.5144763451324 -47.3445449504339,-20.5141642405977 -47.3444099024745,-20.5140813319232 -47.3444758082827,-20.513987186646 -47.3444481327369,-20.5138159356766 -47.3444217908843,-20.5136529373449 -47.3443147959153,-20.5129908729966 -47.3441227117325,-20.5128132794268 -47.3405060456159,-20.5142771303858 -47.3392043320084,-20.5135807795445 -47.3382331828444,-20.5132379507161 -47.336147817845,-20.5128164931573 -47.3357228946542,-20.5142564003457 -47.3377546562062,-20.5149424509642 -47.3383868614632,-20.5148473409816 -47.3389034697347,-20.5154921946386 -47.3350583385277,-20.5206577959396 -47.3356866687512,-20.5218467664844 -47.3357625483734,-20.5218334960455 -47.3360821950773,-20.521777593653 -47.3370714259343,-20.5218953814633 -47.3382473207197,-20.5225310033968 -47.3390189599153,-20.5231700307764 -47.3391793839844,-20.5234264750008 -47.33975205697,-20.5233245175892 -47.3408550446776,-20.5231509221362 -47.3401530442685,-20.5224249390243 -47.3394516730151,-20.5218363266899 -47.3394579791669,-20.5218237552743 -47.3394904401125,-20.5217536978522 -47.3394997626527,-20.5217382395482 -47.3394981367731,-20.521723668684 -47.3395001620191,-20.5216970746727 -47.3394901134829,-20.5216507870193 -47.3394660932497,-20.5216080997821 -47.339432687912,-20.5215651507091 -47.3393497113353,-20.5214780843159 -47.3392646457662,-20.5213900472266 -47.339228629188,-20.5213458847835 -47.3392008498557,-20.5213017438014 -47.3391842276009,-20.5212577123254 -47.3391816822548,-20.5212138784005 -47.3391952519331,-20.5211704985855 -47.3392232511628,-20.5211285410925 -47.3392630116796,-20.521089161965 -47.3393118652137,-20.5210535172474 -47.3393671434952,-20.5210227629844 -47.3394261782544,-20.5209980552205 -47.3394863012215,-20.5209805500001 -47.33954517881,-20.5209711753289 -47.3396023388505,-20.5209695909228 -47.3396579525442,-20.5209750181325 -47.3397121917075,-20.5209866778894 -47.3397652281565,-20.5210037911253 -47.3398683801774,-20.5210512617602 -47.3399687831373,-20.5211111974898</coordinates></LinearRing></outerBoundaryIs></Polygon>
  </Placemark>
  <Placemark id="REURB.3">
	<Style><LineStyle><color>ff0000ff</color></LineStyle><PolyStyle><fill>0</fill></PolyStyle></Style>
	<ExtendedData><SchemaData schemaUrl="#REURB">
		<SimpleData name="fid">3</SimpleData>
		<SimpleData name="NOME_LOTEAMENTO">Fazenda Palestina</SimpleData>
		<SimpleData name="MATRICULA">124.410</SimpleData>
		<SimpleData name="SITUACAO">Fazenda Palestina</SimpleData>
	</SchemaData></ExtendedData>
      <Polygon><outerBoundaryIs><LinearRing><coordinates>-47.3401558876486,-20.523977363148 -47.3401639552757,-20.5240732890512 -47.3401648400729,-20.5241688147083 -47.3401532098954,-20.5242636429969 -47.3401336637261,-20.5243580301847 -47.3401396724968,-20.5244689213886 -47.3401369962272,-20.524553730551 -47.3419548247178,-20.5236775069656 -47.3416013253356,-20.5223016349314 -47.3408445989054,-20.5207274571132 -47.3406042851512,-20.5212391232992 -47.3405543671851,-20.5213021972138 -47.340866749965,-20.5216651553603 -47.3407912733383,-20.5218379306915 -47.3411215456934,-20.5221885128356 -47.3414295273689,-20.5228594393663 -47.3416253597525,-20.5229482045277 -47.341326099544,-20.5232119931999 -47.3417394874194,-20.5235126945437 -47.3401558876486,-20.523977363148</coordinates></LinearRing></outerBoundaryIs></Polygon>
  </Placemark>
  <Placemark id="REURB.4">
	<Style><LineStyle><color>ff0000ff</color></LineStyle><PolyStyle><fill>0</fill></PolyStyle></Style>
	<ExtendedData><SchemaData schemaUrl="#REURB">
		<SimpleData name="fid">4</SimpleData>
		<SimpleData name="NOME_LOTEAMENTO">Fazenda Palestina</SimpleData>
		<SimpleData name="MATRICULA">106.201</SimpleData>
		<SimpleData name="SITUACAO">Fazenda Palestina</SimpleData>
	</SchemaData></ExtendedData>
      <Polygon><outerBoundaryIs><LinearRing><coordinates>-47.3405474015305,-20.5264025016597 -47.3406169801725,-20.5265055689279 -47.3406474327626,-20.5265646062321 -47.3406729635381,-20.526614101754 -47.3406764653334,-20.5266236845443 -47.3417482425132,-20.5265560298706 -47.3409508730413,-20.5248245766245 -47.3402794308499,-20.5248428300699 -47.3401102429974,-20.5248474295156 -47.3401001129268,-20.5249087439263 -47.340103817555,-20.5249715246642 -47.3401052906262,-20.525019148236 -47.3401064928473,-20.5250410531468 -47.3401085932434,-20.5250956404712 -47.3401102413958,-20.5251093530507 -47.340111950138,-20.5251404868918 -47.3401234629603,-20.5252193559414 -47.3401274489087,-20.5252606703099 -47.3401473196066,-20.5253422500825 -47.340155644598,-20.5253790616141 -47.3401684651757,-20.5254233050059 -47.3401790560861,-20.5254639019052 -47.3401895791888,-20.5254961687047 -47.3402175652956,-20.5255838904131 -47.34022198629,-20.5255964593154 -47.3402573580873,-20.5256877610984 -47.3402710238253,-20.525726390328 -47.3403023504597,-20.5258052039848 -47.3403074591284,-20.5258185390489 -47.3403162387615,-20.5258401450787 -47.3403319694918,-20.5258882910405 -47.3403486980987,-20.5259358975372 -47.3403540853785,-20.5259559795481 -47.340381759319,-20.5260551176267 -47.3403841835959,-20.5260740050643 -47.3404139396212,-20.5261580125462 -47.3404210911716,-20.5261782028522 -47.3404249222144,-20.5261890186756 -47.3404414292316,-20.5262304175704 -47.3404475608397,-20.5262457953739 -47.3404731415057,-20.526286661355 -47.34047711986,-20.5262996143478 -47.3405391839943,-20.5263904717873 -47.3405474015305,-20.5264025016597</coordinates></LinearRing></outerBoundaryIs></Polygon>
  </Placemark>
  <Placemark id="REURB.5">
	<Style><LineStyle><color>ff0000ff</color></LineStyle><PolyStyle><fill>0</fill></PolyStyle></Style>
	<ExtendedData><SchemaData schemaUrl="#REURB">
		<SimpleData name="fid">5</SimpleData>
		<SimpleData name="NOME_LOTEAMENTO">Fazenda Palestina</SimpleData>
		<SimpleData name="MATRICULA">98.332</SimpleData>
		<SimpleData name="SITUACAO">Fazenda Palestina</SimpleData>
	</SchemaData></ExtendedData>
      <Polygon><outerBoundaryIs><LinearRing><coordinates>-47.3406169801725,-20.5265055689279 -47.3405474015305,-20.5264025016597 -47.3405391839943,-20.5263904717873 -47.34047711986,-20.5262996143478 -47.3404731415057,-20.526286661355 -47.3404475608397,-20.5262457953739 -47.3404414292316,-20.5262304175704 -47.3394874036087,-20.5261627912088 -47.3370869895654,-20.5247735490835 -47.3369022833219,-20.5250265434563 -47.3369325344675,-20.525169653644 -47.3369030598606,-20.5252827828025 -47.3370960766171,-20.5253963838176 -47.3393501851629,-20.5266820861461 -47.3407026352277,-20.5267006946082 -47.3406939639423,-20.5266715701096 -47.3406764653334,-20.5266236845443 -47.3406729635381,-20.526614101754 -47.3406474327626,-20.5265646062321 -47.3406169801725,-20.5265055689279</coordinates></LinearRing></outerBoundaryIs></Polygon>
  </Placemark>
  <Placemark id="REURB.6">
	<Style><LineStyle><color>ff0000ff</color></LineStyle><PolyStyle><fill>0</fill></PolyStyle></Style>
	<ExtendedData><SchemaData schemaUrl="#REURB">
		<SimpleData name="fid">6</SimpleData>
		<SimpleData name="NOME_LOTEAMENTO">Fazenda Palestina</SimpleData>
		<SimpleData name="MATRICULA">98.515</SimpleData>
		<SimpleData name="SITUACAO">Fazenda Palestina</SimpleData>
	</SchemaData></ExtendedData>
      <Polygon><outerBoundaryIs><LinearRing><coordinates>-47.3398886730971,-20.5235063827045 -47.33975205697,-20.5233245175892 -47.3391793839844,-20.5234264750008 -47.3390189599153,-20.5231700307764 -47.3382473207197,-20.5225310033968 -47.3370714259343,-20.5218953814633 -47.3360821950773,-20.521777593653 -47.3357625483734,-20.5218334960455 -47.3356866687512,-20.5218467664844 -47.3350239972698,-20.5219626598168 -47.334979453551,-20.5220018038616 -47.3353201123064,-20.522341763315 -47.3357145601444,-20.5223091876062 -47.3359958941514,-20.5224693514948 -47.3363580862144,-20.5225472468839 -47.3365614626558,-20.5225372175206 -47.3365556619333,-20.5224340611243 -47.3368659995526,-20.522314616873 -47.3371058663982,-20.5223266492529 -47.3375243793583,-20.5224503489792 -47.3377999126429,-20.5225317882538 -47.3381247520684,-20.5227489595801 -47.3383357308836,-20.5230244470524 -47.3383453684402,-20.5231082977274 -47.3383408278187,-20.5231515628601 -47.3382005195535,-20.5231703235163 -47.3381117530922,-20.5232882474071 -47.3380321796571,-20.5233939586062 -47.3380444622856,-20.5235455359853 -47.338114630187,-20.5236257882054 -47.3379464098818,-20.5236637931831 -47.3379348084369,-20.5237262299421 -47.3377259830735,-20.5238103838229 -47.3375296100389,-20.5239117277455 -47.3401052906262,-20.525019148236 -47.340103817555,-20.5249715246642 -47.3401001129268,-20.5249087439263 -47.3400990681691,-20.5247979154898 -47.3401156612536,-20.5246884187923 -47.3401346686839,-20.5245790397538 -47.3401369962272,-20.524553730551 -47.3401396724968,-20.5244689213886 -47.3401336637261,-20.5243580301847 -47.3401029919786,-20.5241356493259 -47.3400600948127,-20.5239145672074 -47.3400307500304,-20.5238068289324 -47.3399935695326,-20.5237022788492 -47.3399466246326,-20.5236019067094 -47.3398886730971,-20.5235063827045</coordinates></LinearRing></outerBoundaryIs></Polygon>
  </Placemark>
  <Placemark id="REURB.7">
	<Style><LineStyle><color>ff0000ff</color></LineStyle><PolyStyle><fill>0</fill></PolyStyle></Style>
	<ExtendedData><SchemaData schemaUrl="#REURB">
		<SimpleData name="fid">7</SimpleData>
		<SimpleData name="NOME_LOTEAMENTO">Fazenda Palestina</SimpleData>
		<SimpleData name="MATRICULA">124.409</SimpleData>
		<SimpleData name="SITUACAO">Fazenda Palestina</SimpleData>
	</SchemaData></ExtendedData>
      <Polygon><outerBoundaryIs><LinearRing><coordinates>-47.3401346686839,-20.5245790397538 -47.3401156612536,-20.5246884187923 -47.3400990681691,-20.5247979154898 -47.3401001129268,-20.5249087439263 -47.3401102429974,-20.5248474295156 -47.3402794308499,-20.5248428300699 -47.3421700876069,-20.5238422624369 -47.341669928967,-20.5221600309841 -47.3419215749677,-20.5211078958674 -47.3414244612372,-20.5202427420672 -47.3411512316952,-20.5201281309694 -47.3408445989054,-20.5207274571132 -47.3416013253356,-20.5223016349314 -47.3419548247178,-20.5236775069656 -47.3401369962272,-20.524553730551 -47.3401346686839,-20.5245790397538</coordinates></LinearRing></outerBoundaryIs></Polygon>
  </Placemark>
  <Placemark id="REURB.8">
	<Style><LineStyle><color>ff0000ff</color></LineStyle><PolyStyle><fill>0</fill></PolyStyle></Style>
	<ExtendedData><SchemaData schemaUrl="#REURB">
		<SimpleData name="fid">8</SimpleData>
		<SimpleData name="NOME_LOTEAMENTO">Fazenda Palestina</SimpleData>
		<SimpleData name="MATRICULA">93.540</SimpleData>
		<SimpleData name="SITUACAO">Fazenda Palestina</SimpleData>
	</SchemaData></ExtendedData>
      <Polygon><outerBoundaryIs><LinearRing><coordinates>-47.3335707556814,-20.536258410523 -47.3339283627776,-20.5361597420755 -47.3334141593908,-20.5344227219776 -47.332356479327,-20.5344291101148 -47.3329909071667,-20.5363941696786 -47.333211267432,-20.5363489918794 -47.3335707556814,-20.536258410523</coordinates></LinearRing></outerBoundaryIs></Polygon>
  </Placemark>
  <Placemark id="REURB.9">
	<Style><LineStyle><color>ff0000ff</color></LineStyle><PolyStyle><fill>0</fill></PolyStyle></Style>
	<ExtendedData><SchemaData schemaUrl="#REURB">
		<SimpleData name="fid">9</SimpleData>
		<SimpleData name="NOME_LOTEAMENTO">Fazenda Palestina</SimpleData>
		<SimpleData name="MATRICULA">93.787</SimpleData>
		<SimpleData name="SITUACAO">Fazenda Palestina</SimpleData>
	</SchemaData></ExtendedData>
      <Polygon><outerBoundaryIs><LinearRing><coordinates>-47.3324804539373,-20.5364783016069 -47.3328480342192,-20.5364234610302 -47.3329909071667,-20.5363941696786 -47.332356479327,-20.5344291101148 -47.3315945340952,-20.5344337120829 -47.331969038566,-20.5365275473314 -47.332110019093,-20.5365174822296 -47.3324804539373,-20.5364783016069</coordinates></LinearRing></outerBoundaryIs></Polygon>
  </Placemark>
  <Placemark id="REURB.10">
	<Style><LineStyle><color>ff0000ff</color></LineStyle><PolyStyle><fill>0</fill></PolyStyle></Style>
	<ExtendedData><SchemaData schemaUrl="#REURB">
		<SimpleData name="fid">10</SimpleData>
		<SimpleData name="NOME_LOTEAMENTO">Fazenda Palestina</SimpleData>
		<SimpleData name="MATRICULA">118.263</SimpleData>
		<SimpleData name="SITUACAO">Fazenda Palestina</SimpleData>
	</SchemaData></ExtendedData>
      <Polygon><outerBoundaryIs><LinearRing><coordinates>-47.3313660321386,-20.5365553592325 -47.33173824175,-20.5365440244884 -47.331969038566,-20.5365275473314 -47.3315945340952,-20.5344337120829 -47.3309365045478,-20.5344261466558 -47.3308757819007,-20.5365391123086 -47.3309941698952,-20.5365477834162 -47.3313660321386,-20.5365553592325</coordinates></LinearRing></outerBoundaryIs></Polygon>
  </Placemark>
  <Placemark id="REURB.11">
	<Style><LineStyle><color>ff0000ff</color></LineStyle><PolyStyle><fill>0</fill></PolyStyle></Style>
	<ExtendedData><SchemaData schemaUrl="#REURB">
		<SimpleData name="fid">11</SimpleData>
		<SimpleData name="NOME_LOTEAMENTO">Fazenda Palestina</SimpleData>
		<SimpleData name="MATRICULA">118.264</SimpleData>
		<SimpleData name="SITUACAO">Fazenda Palestina</SimpleData>
	</SchemaData></ExtendedData>
      <Polygon><outerBoundaryIs><LinearRing><coordinates>-47.3302533652543,-20.5364779576019 -47.3306232125964,-20.5365206130643 -47.3308757819007,-20.5365391123086 -47.3309365045478,-20.5344261466558 -47.3308018420969,-20.5344245984302 -47.330041038192,-20.5346920296114 -47.3300152756994,-20.5348496864405 -47.3297055912665,-20.5363949114139 -47.3298848015591,-20.5364243523943 -47.3302533652543,-20.5364779576019</coordinates></LinearRing></outerBoundaryIs></Polygon>
  </Placemark>
  <Placemark id="REURB.12">
	<Style><LineStyle><color>ff0000ff</color></LineStyle><PolyStyle><fill>0</fill></PolyStyle></Style>
	<ExtendedData><SchemaData schemaUrl="#REURB">
		<SimpleData name="fid">12</SimpleData>
		<SimpleData name="NOME_LOTEAMENTO">Fazenda Palestina</SimpleData>
		<SimpleData name="MATRICULA">117.305</SimpleData>
		<SimpleData name="SITUACAO">Fazenda Palestina</SimpleData>
	</SchemaData></ExtendedData>
      <Polygon><outerBoundaryIs><LinearRing><coordinates>-47.3287867655448,-20.5362307199585 -47.329517652799,-20.5363640363384 -47.3297055912665,-20.5363949114139 -47.3300152756994,-20.5348496864405 -47.330041038192,-20.5346920296114 -47.3308018420969,-20.5344245984302 -47.3309183489759,-20.5337737234754 -47.3305243432044,-20.5339240404727 -47.3302115657768,-20.5341563722673 -47.3300083879623,-20.5342215757672 -47.3298238093132,-20.5342071791047 -47.3297359486482,-20.534190063636 -47.3289165661868,-20.5350419390059 -47.3280583593299,-20.5360881845446 -47.3287867655448,-20.5362307199585</coordinates></LinearRing></outerBoundaryIs></Polygon>
  </Placemark>
  <Placemark id="REURB.13">
	<Style><LineStyle><color>ff0000ff</color></LineStyle><PolyStyle><fill>0</fill></PolyStyle></Style>
	<ExtendedData><SchemaData schemaUrl="#REURB">
		<SimpleData name="fid">13</SimpleData>
		<SimpleData name="NOME_LOTEAMENTO">Fazenda Palestina</SimpleData>
		<SimpleData name="MATRICULA">119069</SimpleData>
		<SimpleData name="SITUACAO">Fazenda Palestina</SimpleData>
	</SchemaData></ExtendedData>
      <Polygon><outerBoundaryIs><LinearRing><coordinates>-47.348791425292,-20.5276017986388 -47.3487110689096,-20.5279184801785 -47.3486619779727,-20.5280742196221 -47.3486045660384,-20.5282275019803 -47.3484715513493,-20.5285284198085 -47.3483260364317,-20.5288247776325 -47.3482883857631,-20.5288956761892 -47.3489538626928,-20.5302230955987 -47.3500568179844,-20.5283736856345 -47.3501466540886,-20.5282230505264 -47.3488082152851,-20.5275635721355 -47.348791425292,-20.5276017986388</coordinates></LinearRing></outerBoundaryIs></Polygon>
  </Placemark>
  <Placemark id="REURB.14">
	<Style><LineStyle><color>ff0000ff</color></LineStyle><PolyStyle><fill>0</fill></PolyStyle></Style>
	<ExtendedData><SchemaData schemaUrl="#REURB">
		<SimpleData name="fid">14</SimpleData>
		<SimpleData name="NOME_LOTEAMENTO">Fazenda Palestina</SimpleData>
		<SimpleData name="MATRICULA">119068</SimpleData>
		<SimpleData name="SITUACAO">Fazenda Palestina</SimpleData>
	</SchemaData></ExtendedData>
      <Polygon><outerBoundaryIs><LinearRing><coordinates>-47.3487110689096,-20.5279184801785 -47.348791425292,-20.5276017986388 -47.3488082152851,-20.5275635721355 -47.3478993207339,-20.5271157301404 -47.3471565281464,-20.5282263386831 -47.3482883857631,-20.5288956761892 -47.3483260364317,-20.5288247776325 -47.3484715513493,-20.5285284198085 -47.3486045660384,-20.5282275019803 -47.3486619779727,-20.5280742196221 -47.3487110689096,-20.5279184801785</coordinates></LinearRing></outerBoundaryIs></Polygon>
  </Placemark>
  <Placemark id="REURB.15">
	<Style><LineStyle><color>ff0000ff</color></LineStyle><PolyStyle><fill>0</fill></PolyStyle></Style>
	<ExtendedData><SchemaData schemaUrl="#REURB">
		<SimpleData name="fid">15</SimpleData>
		<SimpleData name="NOME_LOTEAMENTO">Fazenda Palestina</SimpleData>
		<SimpleData name="SITUACAO">Fazenda Palestina</SimpleData>
	</SchemaData></ExtendedData>
      <Polygon><outerBoundaryIs><LinearRing><coordinates>-47.3481712941001,-20.5291161666662 -47.3480878295796,-20.5292585296732 -47.3479990073251,-20.529397968806 -47.3479687200457,-20.5294263818096 -47.3479712797716,-20.5294374607623 -47.3483764838809,-20.5311912310581 -47.3489538626928,-20.5302230955987 -47.3482883857631,-20.5288956761892 -47.3481712941001,-20.5291161666662</coordinates></LinearRing></outerBoundaryIs></Polygon>
  </Placemark>
  <Placemark id="REURB.16">
	<Style><LineStyle><color>ff0000ff</color></LineStyle><PolyStyle><fill>0</fill></PolyStyle></Style>
	<ExtendedData><SchemaData schemaUrl="#REURB">
		<SimpleData name="fid">16</SimpleData>
		<SimpleData name="NOME_LOTEAMENTO">Fazenda Palestina</SimpleData>
		<SimpleData name="MATRICULA">113.828</SimpleData>
		<SimpleData name="SITUACAO">Fazenda Palestina</SimpleData>
	</SchemaData></ExtendedData>
      <Polygon><outerBoundaryIs><LinearRing><coordinates>-47.3480878295796,-20.5292585296732 -47.3481712941001,-20.5291161666662 -47.3482883857631,-20.5288956761892 -47.3471565281464,-20.5282263386831 -47.3468088988567,-20.5287461070078 -47.3479687200457,-20.5294263818096 -47.3479990073251,-20.529397968806 -47.3480878295796,-20.5292585296732</coordinates></LinearRing></outerBoundaryIs></Polygon>
  </Placemark>
  <Placemark id="REURB.17">
	<Style><LineStyle><color>ff0000ff</color></LineStyle><PolyStyle><fill>0</fill></PolyStyle></Style>
	<ExtendedData><SchemaData schemaUrl="#REURB">
		<SimpleData name="fid">17</SimpleData>
		<SimpleData name="NOME_LOTEAMENTO">Fazenda Palestina</SimpleData>
		<SimpleData name="SITUACAO">Fazenda Palestina</SimpleData>
	</SchemaData></ExtendedData>
      <Polygon><outerBoundaryIs><LinearRing><coordinates>-47.347808233861,-20.5296696842419 -47.3476079095334,-20.5299361889679 -47.3472251873846,-20.5305070944099 -47.3472079628083,-20.5305370586706 -47.3472018156595,-20.530566307855 -47.3472134934003,-20.5305944063957 -47.3472355379611,-20.5306218357308 -47.3477237573425,-20.5309180826479 -47.3482707295457,-20.5312499802222 -47.3483073765609,-20.5312508551843 -47.3483385844319,-20.5312434384379 -47.3483604401445,-20.5312217647845 -47.3483764838809,-20.5311912310581 -47.3479712797716,-20.5294374607623 -47.347808233861,-20.5296696842419</coordinates></LinearRing></outerBoundaryIs></Polygon>
  </Placemark>
  <Placemark id="REURB.18">
	<Style><LineStyle><color>ff0000ff</color></LineStyle><PolyStyle><fill>0</fill></PolyStyle></Style>
	<ExtendedData><SchemaData schemaUrl="#REURB">
		<SimpleData name="fid">18</SimpleData>
		<SimpleData name="NOME_LOTEAMENTO">Fazenda Palestina</SimpleData>
		<SimpleData name="MATRICULA">113.829</SimpleData>
		<SimpleData name="SITUACAO">Fazenda Palestina</SimpleData>
	</SchemaData></ExtendedData>
      <Polygon><outerBoundaryIs><LinearRing><coordinates>-47.3476079095334,-20.5299361889679 -47.347808233861,-20.5296696842419 -47.3479712797716,-20.5294374607623 -47.3479687200457,-20.5294263818096 -47.3468088988567,-20.5287461070078 -47.3464623407651,-20.5292642736987 -47.3476079095334,-20.5299361889679</coordinates></LinearRing></outerBoundaryIs></Polygon>
  </Placemark>
  <Placemark id="REURB.19">
	<Style><LineStyle><color>ff0000ff</color></LineStyle><PolyStyle><fill>0</fill></PolyStyle></Style>
	<ExtendedData><SchemaData schemaUrl="#REURB">
		<SimpleData name="fid">19</SimpleData>
		<SimpleData name="NOME_LOTEAMENTO">Fazenda Palestina</SimpleData>
		<SimpleData name="SITUACAO">Fazenda Palestina</SimpleData>
	</SchemaData></ExtendedData>
      <Polygon><outerBoundaryIs><LinearRing><coordinates>-47.3489759371381,-20.5275091663097 -47.3489099259766,-20.5274908123255 -47.3488806129535,-20.5274893446403 -47.3488556959204,-20.5274970548861 -47.3488354598981,-20.5275145381278 -47.34881879676,-20.5275394808235 -47.3488082152851,-20.5275635721355 -47.3501466540886,-20.5282230505264 -47.3502116309473,-20.5281140988328 -47.350227622786,-20.5280459923441 -47.3501658187668,-20.5280062728932 -47.3496716377937,-20.5277998148646 -47.3489759371381,-20.5275091663097</coordinates></LinearRing></outerBoundaryIs></Polygon>
  </Placemark>
  <Placemark id="REURB.20">
	<Style><LineStyle><color>ff0000ff</color></LineStyle><PolyStyle><fill>0</fill></PolyStyle></Style>
	<ExtendedData><SchemaData schemaUrl="#REURB">
		<SimpleData name="fid">20</SimpleData>
		<SimpleData name="NOME_LOTEAMENTO">Fazenda Palestina</SimpleData>
		<SimpleData name="MATRICULA">113.830</SimpleData>
		<SimpleData name="SITUACAO">Fazenda Palestina</SimpleData>
	</SchemaData></ExtendedData>
      <Polygon><outerBoundaryIs><LinearRing><coordinates>-47.3489099259766,-20.5274908123255 -47.3489759371381,-20.5275091663097 -47.3496716377937,-20.5277998148646 -47.3498570507163,-20.5272908602177 -47.3482128655308,-20.5265507281608 -47.3467296299863,-20.5264861141165 -47.3466815564996,-20.5265580181761 -47.3468903333816,-20.5265611323534 -47.3473755299011,-20.5267424607643 -47.3479943070822,-20.5269737084597 -47.3478993207339,-20.5271157301404 -47.3488082152851,-20.5275635721355 -47.34881879676,-20.5275394808235 -47.3488354598981,-20.5275145381278 -47.3488556959204,-20.5274970548861 -47.3488806129535,-20.5274893446403 -47.3489099259766,-20.5274908123255</coordinates></LinearRing></outerBoundaryIs></Polygon>
  </Placemark>
  <Placemark id="REURB.21">
	<Style><LineStyle><color>ff0000ff</color></LineStyle><PolyStyle><fill>0</fill></PolyStyle></Style>
	<ExtendedData><SchemaData schemaUrl="#REURB">
		<SimpleData name="fid">21</SimpleData>
		<SimpleData name="NOME_LOTEAMENTO">Fazenda Palestina</SimpleData>
		<SimpleData name="MATRICULA">120.049</SimpleData>
		<SimpleData name="SITUACAO">Fazenda Palestina</SimpleData>
	</SchemaData></ExtendedData>
      <Polygon><outerBoundaryIs><LinearRing><coordinates>-47.3472079628083,-20.5305370586706 -47.3472251873846,-20.5305070944099 -47.3476079095334,-20.5299361889679 -47.3464623407651,-20.5292642736987 -47.3461562639487,-20.5290847670303 -47.3457152030293,-20.5297392605507 -47.3457318515248,-20.5297490254627 -47.3461261141731,-20.5299802739927 -47.3453689517674,-20.5310298615454 -47.3452990109322,-20.5311502578354 -47.3454543712778,-20.5323936946131 -47.3457728419298,-20.5323619992701 -47.3460469928892,-20.5323281521115 -47.346178327103,-20.5323116093007 -47.3465835246608,-20.5322592296428 -47.3467569391259,-20.5322359444832 -47.3467761443736,-20.5322336185178 -47.3467869214438,-20.5322321720208 -47.3461099794812,-20.5308531144374 -47.3465338148172,-20.5302194043669 -47.3469651337566,-20.5304723876792 -47.3468832379985,-20.5306492147753 -47.3475876140776,-20.5310540273738 -47.3477237573425,-20.5309180826479 -47.3472355379611,-20.5306218357308 -47.3472134934003,-20.5305944063957 -47.3472018156595,-20.530566307855 -47.3472079628083,-20.5305370586706</coordinates></LinearRing></outerBoundaryIs></Polygon>
  </Placemark>
  <Placemark id="REURB.22">
	<Style><LineStyle><color>ff0000ff</color></LineStyle><PolyStyle><fill>0</fill></PolyStyle></Style>
	<ExtendedData><SchemaData schemaUrl="#REURB">
		<SimpleData name="fid">22</SimpleData>
		<SimpleData name="NOME_LOTEAMENTO">Fazenda Palestina</SimpleData>
		<SimpleData name="MATRICULA">106.641</SimpleData>
		<SimpleData name="SITUACAO">Fazenda Palestina</SimpleData>
	</SchemaData></ExtendedData>
      <Polygon><outerBoundaryIs><LinearRing><coordinates>-47.3483764838809,-20.5311912310581 -47.3483604401445,-20.5312217647845 -47.3483385844319,-20.5312434384379 -47.3483073765609,-20.5312508551843 -47.3482707295457,-20.5312499802222 -47.3477237573425,-20.5309180826479 -47.3475876140776,-20.5310540273738 -47.34817294195,-20.5314617733617 -47.3481557359893,-20.5315142026741 -47.3481466185027,-20.5315177545053 -47.3477655861323,-20.5320025312448 -47.3469941698964,-20.5322171926107 -47.3471060346844,-20.5324572358311 -47.3473058959655,-20.5328861098777 -47.3479755853792,-20.5343231469394 -47.3481060804092,-20.5343880283502 -47.3482494262048,-20.5344215465871 -47.3483971728065,-20.5344217258075 -47.3485406108449,-20.5343885554468 -47.3486712849318,-20.5343239908322 -47.3487225603793,-20.5342866804623 -47.3487814920887,-20.5342318379198 -47.348864735822,-20.5341175289413 -47.3489161090786,-20.5339878021847 -47.3489325835069,-20.5338503047852 -47.3495020459374,-20.5341155675209 -47.3498481385771,-20.5331984515844 -47.3501542279685,-20.5323689730671 -47.3504079747331,-20.5315635735928 -47.3506644952799,-20.5307493700508 -47.3525402268001,-20.5316739849749 -47.3528588597832,-20.5306572084383 -47.3529860967355,-20.5302511893282 -47.3531147487668,-20.5298517398297 -47.3534138616485,-20.5289023471327 -47.3534219588395,-20.5288766462843 -47.3534290938068,-20.528852878094 -47.3534858124858,-20.528841232294 -47.3537871245873,-20.5284116191155 -47.3539042822545,-20.5282439571684 -47.3539107633499,-20.5282293401921 -47.3539195618957,-20.5282227881055 -47.3539140852266,-20.5282138219613 -47.353914116065,-20.5282001894854 -47.3539080447801,-20.5281749954022 -47.3538951212367,-20.5281546265115 -47.3538832260679,-20.5281433835019 -47.3538692231873,-20.5281345214997 -47.3538536472972,-20.528128378902 -47.353506940618,-20.5280348161219 -47.3531642339826,-20.5279423319835 -47.3531109869725,-20.5279756856107 -47.3529675197004,-20.5282195185752 -47.3529174115501,-20.5283046809865 -47.3527937007806,-20.5282408465948 -47.352637767641,-20.5282690171274 -47.3526287988421,-20.5282254795294 -47.3524791133198,-20.5282661054629 -47.3523080155836,-20.5282020484864 -47.35212136358,-20.5280564645402 -47.3518880484326,-20.5280826696246 -47.3517328941989,-20.5279105436701 -47.3516662031168,-20.5278277735708 -47.3515701601831,-20.5278153311661 -47.3513903657075,-20.527792038712 -47.351330616632,-20.5278236940914 -47.3512461426791,-20.5278386891522 -47.3512135117615,-20.5278239346516 -47.3511455262162,-20.5277657179637 -47.3511043011969,-20.5277562407191 -47.3509794545676,-20.5277779713289 -47.3509107332231,-20.5277994117456 -47.3508491703854,-20.5277806513637 -47.3507500260542,-20.5277683041247 -47.3507036131043,-20.5277384384307 -47.3506187244464,-20.5277655822772 -47.3505701758403,-20.5277248630901 -47.3504951628786,-20.5276619474461 -47.3504077306492,-20.5276705615894 -47.3502974999934,-20.5276814219172 -47.3501524592919,-20.5276244054037 -47.3500915423786,-20.5275782492181 -47.3500702967554,-20.5275108426674 -47.350007418857,-20.527469646355 -47.3499203948094,-20.5274126299798 -47.3498570507163,-20.5272908602177 -47.3496716377937,-20.5277998148646 -47.3501658187668,-20.5280062728932 -47.350227622786,-20.5280459923441 -47.3502116309473,-20.5281140988328 -47.3501466540886,-20.5282230505264 -47.3500568179844,-20.5283736856345 -47.3489538626928,-20.5302230955987 -47.3483764838809,-20.5311912310581</coordinates></LinearRing></outerBoundaryIs></Polygon>
  </Placemark>
  <Placemark id="REURB.23">
	<Style><LineStyle><color>ff0000ff</color></LineStyle><PolyStyle><fill>0</fill></PolyStyle></Style>
	<ExtendedData><SchemaData schemaUrl="#REURB">
		<SimpleData name="fid">23</SimpleData>
		<SimpleData name="NOME_LOTEAMENTO">Fazenda Palestina</SimpleData>
		<SimpleData name="MATRICULA">106.204</SimpleData>
		<SimpleData name="SITUACAO">Fazenda Palestina</SimpleData>
	</SchemaData></ExtendedData>
      <Polygon><outerBoundaryIs><LinearRing><coordinates>-47.3406580875207,-20.5268915941987 -47.3406220888327,-20.5269404842767 -47.3405804061927,-20.5269957595058 -47.3405586331376,-20.5270246326723 -47.3404783778292,-20.5271194093494 -47.3402980174626,-20.5273386387105 -47.3401904098222,-20.5274694362348 -47.3408862536711,-20.5278775724556 -47.3412182128851,-20.5280722778901 -47.342266825629,-20.5265232971329 -47.3417644395149,-20.5265550074539 -47.3417482425132,-20.5265560298706 -47.3406764653334,-20.5266236845443 -47.3406939639423,-20.5266715701096 -47.3407026352277,-20.5267006946082 -47.3407040373771,-20.5267145444334 -47.3407056145593,-20.5267301231523 -47.340696147807,-20.5267897379737 -47.3406818644377,-20.5268415330233 -47.3406754616936,-20.5268499039049 -47.3406580875207,-20.5268915941987</coordinates></LinearRing></outerBoundaryIs></Polygon>
  </Placemark>
  <Placemark id="REURB.24">
	<Style><LineStyle><color>ff0000ff</color></LineStyle><PolyStyle><fill>0</fill></PolyStyle></Style>
	<ExtendedData><SchemaData schemaUrl="#REURB">
		<SimpleData name="fid">24</SimpleData>
		<SimpleData name="NOME_LOTEAMENTO">Fazenda Palestina</SimpleData>
		<SimpleData name="MATRICULA">97.841</SimpleData>
		<SimpleData name="SITUACAO">Fazenda Palestina</SimpleData>
	</SchemaData></ExtendedData>
      <Polygon><outerBoundaryIs><LinearRing><coordinates>-47.3406220888327,-20.5269404842767 -47.3406580875207,-20.5268915941987 -47.3406754616936,-20.5268499039049 -47.3406818644377,-20.5268415330233 -47.340696147807,-20.5267897379737 -47.3407056145593,-20.5267301231523 -47.3407040373771,-20.5267145444334 -47.3407026352277,-20.5267006946082 -47.3393501851629,-20.5266820861461 -47.3387124711093,-20.5276144376216 -47.3396954768811,-20.5282086729526 -47.3401904098222,-20.5274694362348 -47.3402980174626,-20.5273386387105 -47.3404783778292,-20.5271194093494 -47.3405586331376,-20.5270246326723 -47.3405804061927,-20.5269957595058 -47.3406220888327,-20.5269404842767</coordinates></LinearRing></outerBoundaryIs></Polygon>
  </Placemark>
  <Placemark id="REURB.25">
	<Style><LineStyle><color>ff0000ff</color></LineStyle><PolyStyle><fill>0</fill></PolyStyle></Style>
	<ExtendedData><SchemaData schemaUrl="#REURB">
		<SimpleData name="fid">25</SimpleData>
		<SimpleData name="NOME_LOTEAMENTO">Fazenda Palestina</SimpleData>
		<SimpleData name="MATRICULA">101.213</SimpleData>
		<SimpleData name="SITUACAO">Fazenda Palestina</SimpleData>
	</SchemaData></ExtendedData>
      <Polygon><outerBoundaryIs><LinearRing><coordinates>-47.3569850506564,-20.5301076194405 -47.3568793994633,-20.5300822961364 -47.3570005970622,-20.5305515546025 -47.357003016361,-20.530571431044 -47.3570001595151,-20.5305912564919 -47.3569922008134,-20.530609821446 -47.3569796257961,-20.5306259933056 -47.356963201633,-20.5306387854665 -47.3569439303204,-20.5306474175114 -47.3569229875521,-20.5306513628211 -47.3569016509931,-20.5306503807024 -47.356882178614,-20.5306449251196 -47.3558063539873,-20.5302088676381 -47.3557942509498,-20.5302047802777 -47.3557816343518,-20.5302024195425 -47.3557687833846,-20.5302018376664 -47.3557559824339,-20.5302030475262 -47.3557435147789,-20.5302060223481 -47.3557316563227,-20.5302106963009 -47.3557206694873,-20.5302169659522 -47.3557107974062,-20.5302246925577 -47.3557022585348,-20.5302337051222 -47.3556709411253,-20.530272871995 -47.3556564604183,-20.530291464746 -47.3556122271671,-20.5303502842016 -47.3555695867348,-20.5304101263175 -47.3555285660687,-20.5304709532757 -47.3554891910921,-20.530532726636 -47.3554514866887,-20.5305954073598 -47.3554154766861,-20.5306589558354 -47.3553811838412,-20.5307233319025 -47.3553486298169,-20.5307884948691 -47.3553411598562,-20.5308040742177 -47.3553321991382,-20.530823098505 -47.3553162588698,-20.5308579027235 -47.3553008118029,-20.5308929014297 -47.3552858606428,-20.5309280884947 -47.3552714080076,-20.5309634577567 -47.3552574564282,-20.5309990030219 -47.3552440083478,-20.5310347180657 -47.3552310661214,-20.5310705966337 -47.355218632015,-20.5311066324441 -47.3551503940918,-20.53134402315 -47.3551041644617,-20.5315860224301 -47.3550872642561,-20.531731282709 -47.3550802842863,-20.5318308443987 -47.3550789297944,-20.5320766823393 -47.3551001109818,-20.5323217220379 -47.3551436715374,-20.5325641551712 -47.3552092899967,-20.5328021926518 -47.3552964821141,-20.5330340778308 -47.3554046044365,-20.5332580994616 -47.3554091225878,-20.5332680957049 -47.3554246989858,-20.5333344130982 -47.3554711554794,-20.5335413171817 -47.3555199540606,-20.5338080962801 -47.3555580099756,-20.5340764045862 -47.3555852694356,-20.5343458628704 -47.3555972179114,-20.5345424480489 -47.3556016939119,-20.5346160902778 -47.35560726019,-20.5348867048665 -47.3556045984281,-20.5350226203054 -47.3556019604024,-20.5351573241472 -47.3555858020399,-20.5354275656241 -47.3555588079499,-20.5356970473442 -47.3555571926014,-20.5357059582443 -47.3555545271004,-20.5357146451119 -47.3555508446412,-20.5357229997678 -47.3554308481099,-20.5359327098352 -47.3552881350347,-20.5361366602956 -47.3551802128405,-20.5362641174064 -47.355128315776,-20.5363254082283 -47.3549511672604,-20.5365000643998 -47.3547580997484,-20.5366592383911 -47.3545506502297,-20.5368016630351 -47.3543304701878,-20.5369262045043 -47.3540993124525,-20.5370318713373 -47.353859017255,-20.5371178223408 -47.3548787684518,-20.5375076830449 -47.3561911645618,-20.5378286894112 -47.3562704607515,-20.5375443806711 -47.3564551504019,-20.5367582207598 -47.3565013697075,-20.5365770701476 -47.3567198744258,-20.5358213612327 -47.3567866248824,-20.5355696176448 -47.356908448909,-20.5350781328299 -47.3569496771765,-20.5349403170171 -47.3569771627385,-20.5348539524555 -47.3571225496548,-20.5342759647156 -47.3572776918779,-20.5337091406118 -47.3574021108481,-20.5332114932479 -47.3574359811141,-20.5330895611522 -47.3575088173603,-20.5331088402221 -47.3583139939795,-20.5333037721482 -47.3587340251783,-20.5334068019745 -47.3599737113096,-20.5337117359685 -47.3595036765337,-20.533086987692 -47.3584357105789,-20.5322999196575 -47.3589631838027,-20.5315310323097 -47.3573671767636,-20.5308625819198 -47.3573519933406,-20.5308544030955 -47.3573388810081,-20.5308435271334 -47.3573283775908,-20.5308304001295 -47.3573184228859,-20.5308076866108 -47.3572568448137,-20.5305692657812 -47.357143085747,-20.5301510247681 -47.3570002768881,-20.5301118014204 -47.3569850506564,-20.5301076194405</coordinates></LinearRing></outerBoundaryIs></Polygon>
  </Placemark>
  <Placemark id="REURB.26">
	<Style><LineStyle><color>ff0000ff</color></LineStyle><PolyStyle><fill>0</fill></PolyStyle></Style>
	<ExtendedData><SchemaData schemaUrl="#REURB">
		<SimpleData name="fid">26</SimpleData>
		<SimpleData name="NOME_LOTEAMENTO">Fazenda Palestina</SimpleData>
		<SimpleData name="MATRICULA">97.806</SimpleData>
		<SimpleData name="SITUACAO">Fazenda Palestina</SimpleData>
	</SchemaData></ExtendedData>
      <Polygon><outerBoundaryIs><LinearRing><coordinates>-47.3346179585179,-20.5329067171107 -47.3353379395696,-20.5325289550621 -47.3353524571096,-20.532508050301 -47.3335820128471,-20.5312689527307 -47.3328200037956,-20.5324801415694 -47.3324658364899,-20.5327031096704 -47.3327131739987,-20.5333087775078 -47.3323901698125,-20.533756420783 -47.3324379370436,-20.5339644880937 -47.3326014479183,-20.5341605185347 -47.3326966149511,-20.5341999148978 -47.3328172173854,-20.5341891644275 -47.3332740002492,-20.533949247853 -47.3332381619343,-20.5338281805837 -47.3335944584807,-20.5335902366305 -47.3338316193521,-20.5334318555001 -47.333906498249,-20.5333818496338 -47.3342185197867,-20.5331734725191 -47.3345748163332,-20.5329355285659 -47.3346179585179,-20.5329067171107</coordinates></LinearRing></outerBoundaryIs></Polygon>
  </Placemark>
  <Placemark id="REURB.27">
	<Style><LineStyle><color>ff0000ff</color></LineStyle><PolyStyle><fill>0</fill></PolyStyle></Style>
	<ExtendedData><SchemaData schemaUrl="#REURB">
		<SimpleData name="fid">27</SimpleData>
		<SimpleData name="NOME_LOTEAMENTO">Fazenda Palestina</SimpleData>
		<SimpleData name="MATRICULA">92.909</SimpleData>
		<SimpleData name="SITUACAO">Fazenda Palestina</SimpleData>
	</SchemaData></ExtendedData>
      <Polygon><outerBoundaryIs><LinearRing><coordinates>-47.3353379395696,-20.5325289550621 -47.3346179585179,-20.5329067171107 -47.3345748163332,-20.5329355285659 -47.3350730838475,-20.5339525420971 -47.3362993916788,-20.5332872304434 -47.3364037474219,-20.533131199239 -47.3364201816878,-20.5331066269642 -47.3367473042913,-20.5326175179631 -47.3356789041712,-20.5320379776974 -47.3353524571096,-20.532508050301 -47.3353379395696,-20.5325289550621</coordinates></LinearRing></outerBoundaryIs></Polygon>
  </Placemark>
  <Placemark id="REURB.28">
	<Style><LineStyle><color>ff0000ff</color></LineStyle><PolyStyle><fill>0</fill></PolyStyle></Style>
	<ExtendedData><SchemaData schemaUrl="#REURB">
		<SimpleData name="fid">28</SimpleData>
		<SimpleData name="NOME_LOTEAMENTO">Fazenda Palestina</SimpleData>
		<SimpleData name="MATRICULA">97.345</SimpleData>
		<SimpleData name="SITUACAO">Fazenda Palestina</SimpleData>
	</SchemaData></ExtendedData>
      <Polygon><outerBoundaryIs><LinearRing><coordinates>-47.3353578398292,-20.5357183065048 -47.3358118351407,-20.5355320970768 -47.3351150477945,-20.5340560549282 -47.3350730838475,-20.5339525420971 -47.3345748163332,-20.5329355285659 -47.3342185197867,-20.5331734725191 -47.333906498249,-20.5333818496338 -47.3338316193521,-20.5334318555001 -47.3346486397302,-20.5359462090925 -47.334885508136,-20.5358760408323 -47.3353578398292,-20.5357183065048</coordinates></LinearRing></outerBoundaryIs></Polygon>
  </Placemark>
  <Placemark id="REURB.29">
	<Style><LineStyle><color>ff0000ff</color></LineStyle><PolyStyle><fill>0</fill></PolyStyle></Style>
	<ExtendedData><SchemaData schemaUrl="#REURB">
		<SimpleData name="fid">29</SimpleData>
		<SimpleData name="NOME_LOTEAMENTO">Fazenda Palestina</SimpleData>
		<SimpleData name="MATRICULA">97.346</SimpleData>
		<SimpleData name="SITUACAO">Fazenda Palestina</SimpleData>
	</SchemaData></ExtendedData>
      <Polygon><outerBoundaryIs><LinearRing><coordinates>-47.3353578398292,-20.5357183065048 -47.3358118351407,-20.5355320970768 -47.3351150477945,-20.5340560549282 -47.3350730838475,-20.5339525420971 -47.3345748163332,-20.5329355285659 -47.3342185197867,-20.5331734725191 -47.333906498249,-20.5333818496338 -47.3338316193521,-20.5334318555001 -47.3346486397302,-20.5359462090925 -47.334885508136,-20.5358760408323 -47.3353578398292,-20.5357183065048</coordinates></LinearRing></outerBoundaryIs></Polygon>
  </Placemark>
  <Placemark id="REURB.30">
	<Style><LineStyle><color>ff0000ff</color></LineStyle><PolyStyle><fill>0</fill></PolyStyle></Style>
	<ExtendedData><SchemaData schemaUrl="#REURB">
		<SimpleData name="fid">30</SimpleData>
		<SimpleData name="NOME_LOTEAMENTO">Fazenda Palestina</SimpleData>
		<SimpleData name="SITUACAO">Fazenda Palestina</SimpleData>
	</SchemaData></ExtendedData>
      <Polygon><outerBoundaryIs><LinearRing><coordinates>-47.3339283627776,-20.5361597420755 -47.3345764249641,-20.5359676014942 -47.3346486397302,-20.5359462090925 -47.3338316193521,-20.5334318555001 -47.3335944584807,-20.5335902366305 -47.3332381619343,-20.5338281805837 -47.3332740002492,-20.533949247853 -47.3332898501701,-20.5340027881656 -47.3334141593908,-20.5344227219776 -47.3339283627776,-20.5361597420755</coordinates></LinearRing></outerBoundaryIs></Polygon>
  </Placemark>
  <Placemark id="REURB.31">
	<Style><LineStyle><color>ff0000ff</color></LineStyle><PolyStyle><fill>0</fill></PolyStyle></Style>
	<ExtendedData><SchemaData schemaUrl="#REURB">
		<SimpleData name="fid">31</SimpleData>
		<SimpleData name="NOME_LOTEAMENTO">Fazenda Palestina</SimpleData>
		<SimpleData name="SITUACAO">Fazenda Palestina</SimpleData>
	</SchemaData></ExtendedData>
      <Polygon><outerBoundaryIs><LinearRing><coordinates>-47.3374864670637,-20.5346206999725 -47.3380782678295,-20.5342477338475 -47.3369184387398,-20.5323616402067 -47.3367473042913,-20.5326175179631 -47.3364201816878,-20.5331066269642 -47.3364037474219,-20.533131199239 -47.3362993916788,-20.5332872304434 -47.3363154344799,-20.5334534086473 -47.3371855008985,-20.5347922279304 -47.3374864670637,-20.5346206999725</coordinates></LinearRing></outerBoundaryIs></Polygon>
  </Placemark>
  <Placemark id="REURB.32">
	<Style><LineStyle><color>ff0000ff</color></LineStyle><PolyStyle><fill>0</fill></PolyStyle></Style>
	<ExtendedData><SchemaData schemaUrl="#REURB">
		<SimpleData name="fid">32</SimpleData>
		<SimpleData name="NOME_LOTEAMENTO">Fazenda Palestina</SimpleData>
		<SimpleData name="MATRICULA">114.903</SimpleData>
		<SimpleData name="SITUACAO">Fazenda Palestina</SimpleData>
	</SchemaData></ExtendedData>
      <Polygon><outerBoundaryIs><LinearRing><coordinates>-47.3365114818382,-20.5351865869126 -47.3369119626046,-20.5349481240755 -47.3371855008985,-20.5347922279304 -47.3363154344799,-20.5334534086473 -47.3362993916788,-20.5332872304434 -47.3350730838475,-20.5339525420971 -47.3351150477945,-20.5340560549282 -47.3358118351407,-20.5355320970768 -47.3358451438888,-20.5355176044569 -47.3360814937886,-20.5354117015447 -47.3362617647544,-20.5353185008786 -47.3365114818382,-20.5351865869126</coordinates></LinearRing></outerBoundaryIs></Polygon>
  </Placemark>
  <Placemark id="REURB.33">
	<Style><LineStyle><color>ff0000ff</color></LineStyle><PolyStyle><fill>0</fill></PolyStyle></Style>
	<ExtendedData><SchemaData schemaUrl="#REURB">
		<SimpleData name="fid">33</SimpleData>
		<SimpleData name="NOME_LOTEAMENTO">Fazenda Palestina</SimpleData>
		<SimpleData name="MATRICULA">114.904</SimpleData>
		<SimpleData name="SITUACAO">Fazenda Palestina</SimpleData>
	</SchemaData></ExtendedData>
      <Polygon><outerBoundaryIs><LinearRing><coordinates>-47.3395006528993,-20.5335366961276 -47.3396179450088,-20.5334939635416 -47.337962442419,-20.5308018143837 -47.3377529061173,-20.531113985357 -47.3369184387398,-20.5323616402067 -47.3380782678295,-20.5342477338475 -47.3383777274372,-20.5340238507958 -47.3385828223218,-20.53394872393 -47.3388933694835,-20.5338124138873 -47.3392037256587,-20.5336717203476 -47.3392839049142,-20.5336299583203 -47.3395006528993,-20.5335366961276</coordinates></LinearRing></outerBoundaryIs></Polygon>
  </Placemark>
  <Placemark id="REURB.34">
	<Style><LineStyle><color>ff0000ff</color></LineStyle><PolyStyle><fill>0</fill></PolyStyle></Style>
	<ExtendedData><SchemaData schemaUrl="#REURB">
		<SimpleData name="fid">34</SimpleData>
		<SimpleData name="NOME_LOTEAMENTO">Fazenda Palestina</SimpleData>
		<SimpleData name="MATRICULA">101.224</SimpleData>
		<SimpleData name="SITUACAO">Fazenda Palestina</SimpleData>
	</SchemaData></ExtendedData>
      <Polygon><outerBoundaryIs><LinearRing><coordinates>-47.3395006528993,-20.5335366961276 -47.3396179450088,-20.5334939635416 -47.337962442419,-20.5308018143837 -47.3377529061173,-20.531113985357 -47.3369184387398,-20.5323616402067 -47.3380782678295,-20.5342477338475 -47.3383777274372,-20.5340238507958 -47.3385828223218,-20.53394872393 -47.3388933694835,-20.5338124138873 -47.3392037256587,-20.5336717203476 -47.3392839049142,-20.5336299583203 -47.3395006528993,-20.5335366961276</coordinates></LinearRing></outerBoundaryIs></Polygon>
  </Placemark>
  <Placemark id="REURB.35">
	<Style><LineStyle><color>ff0000ff</color></LineStyle><PolyStyle><fill>0</fill></PolyStyle></Style>
	<ExtendedData><SchemaData schemaUrl="#REURB">
		<SimpleData name="fid">35</SimpleData>
		<SimpleData name="NOME_LOTEAMENTO">Fazenda Palestina</SimpleData>
		<SimpleData name="MATRICULA">101.220</SimpleData>
		<SimpleData name="SITUACAO">Fazenda Palestina</SimpleData>
	</SchemaData></ExtendedData>
      <Polygon><outerBoundaryIs><LinearRing><coordinates>-47.3427356596662,-20.5341100363084 -47.3446111572723,-20.535020939519 -47.3460469928892,-20.5323281521115 -47.3457728419298,-20.5323619992701 -47.3454543712778,-20.5323936946131 -47.3453670802818,-20.5324103981665 -47.3449610533075,-20.5324568046601 -47.3445547721624,-20.5325012174759 -47.3442002548019,-20.5325374498222 -47.3441482480092,-20.5325436353938 -47.3437414920171,-20.5325840572481 -47.3435717673665,-20.53260032712 -47.3427356596662,-20.5341100363084</coordinates></LinearRing></outerBoundaryIs></Polygon>
  </Placemark>
  <Placemark id="REURB.36">
	<Style><LineStyle><color>ff0000ff</color></LineStyle><PolyStyle><fill>0</fill></PolyStyle></Style>
	<ExtendedData><SchemaData schemaUrl="#REURB">
		<SimpleData name="fid">36</SimpleData>
		<SimpleData name="NOME_LOTEAMENTO">Fazenda Palestina</SimpleData>
		<SimpleData name="MATRICULA">101.221</SimpleData>
		<SimpleData name="SITUACAO">Fazenda Palestina</SimpleData>
	</SchemaData></ExtendedData>
      <Polygon><outerBoundaryIs><LinearRing><coordinates>-47.3421498564961,-20.5338255198225 -47.3427356596662,-20.5341100363084 -47.3435717673665,-20.53260032712 -47.3433345153707,-20.5326224819375 -47.3431655300595,-20.5325928265528 -47.3430100912554,-20.532524025537 -47.342878352607,-20.5324205731432 -47.3427789196102,-20.5322892271388 -47.3427182874754,-20.5321385673712 -47.3427004168443,-20.5319784353106 -47.3427264750706,-20.531819291181 -47.3427947599664,-20.5316715306725 -47.3429008109925,-20.5315448058684 -47.3417797563941,-20.5308872690016 -47.3412514695271,-20.5305774106823 -47.3411653013641,-20.5305268904332 -47.3413807297922,-20.5334782494492 -47.3415338700841,-20.5335378599502 -47.3416056550305,-20.5335678178865 -47.3417514602569,-20.5336333839006 -47.3419543228544,-20.5337312191419 -47.3421498564961,-20.5338255198225</coordinates></LinearRing></outerBoundaryIs></Polygon>
  </Placemark>
  <Placemark id="REURB.37">
	<Style><LineStyle><color>ff0000ff</color></LineStyle><PolyStyle><fill>0</fill></PolyStyle></Style>
	<ExtendedData><SchemaData schemaUrl="#REURB">
		<SimpleData name="fid">37</SimpleData>
		<SimpleData name="NOME_LOTEAMENTO">Fazenda Palestina</SimpleData>
		<SimpleData name="MATRICULA">101.223</SimpleData>
		<SimpleData name="SITUACAO">Fazenda Palestina</SimpleData>
	</SchemaData></ExtendedData>
      <Polygon><outerBoundaryIs><LinearRing><coordinates>-47.3412633721043,-20.5334380243488 -47.3413807297922,-20.5334782494492 -47.3411653013641,-20.5305268904332 -47.3403880686973,-20.5300709965609 -47.3396922248494,-20.529662860341 -47.3389963842615,-20.5292547260337 -47.3405351719556,-20.5333192368054 -47.3407720839169,-20.5333375998864 -47.3409521488533,-20.5333574300039 -47.3410714581525,-20.5333834015485 -47.3412633721043,-20.5334380243488</coordinates></LinearRing></outerBoundaryIs></Polygon>
  </Placemark>
  <Placemark id="REURB.38">
	<Style><LineStyle><color>ff0000ff</color></LineStyle><PolyStyle><fill>0</fill></PolyStyle></Style>
	<ExtendedData><SchemaData schemaUrl="#REURB">
		<SimpleData name="fid">38</SimpleData>
		<SimpleData name="NOME_LOTEAMENTO">Fazenda Palestina</SimpleData>
		<SimpleData name="MATRICULA">101.222</SimpleData>
		<SimpleData name="SITUACAO">Fazenda Palestina</SimpleData>
	</SchemaData></ExtendedData>
      <Polygon><outerBoundaryIs><LinearRing><coordinates>-47.3412633721043,-20.5334380243488 -47.3413807297922,-20.5334782494492 -47.3411653013641,-20.5305268904332 -47.3403880686973,-20.5300709965609 -47.3396922248494,-20.529662860341 -47.3389963842615,-20.5292547260337 -47.3405351719556,-20.5333192368054 -47.3407720839169,-20.5333375998864 -47.3409521488533,-20.5333574300039 -47.3410714581525,-20.5333834015485 -47.3412633721043,-20.5334380243488</coordinates></LinearRing></outerBoundaryIs></Polygon>
  </Placemark>
  <Placemark id="REURB.39">
	<Style><LineStyle><color>ff0000ff</color></LineStyle><PolyStyle><fill>0</fill></PolyStyle></Style>
	<ExtendedData><SchemaData schemaUrl="#REURB">
		<SimpleData name="fid">39</SimpleData>
		<SimpleData name="NOME_LOTEAMENTO">Fazenda Palestina</SimpleData>
		<SimpleData name="MATRICULA">101.215</SimpleData>
		<SimpleData name="SITUACAO">Fazenda Palestina</SimpleData>
	</SchemaData></ExtendedData>
      <Polygon><outerBoundaryIs><LinearRing><coordinates>-47.3511156293191,-20.5380577557872 -47.3521948334104,-20.5385964783089 -47.3532011448367,-20.5365597917151 -47.3532172227131,-20.5365562924606 -47.3532322978981,-20.5365499965157 -47.353245821281,-20.5365411331962 -47.3532573002829,-20.5365300253417 -47.3532663167901,-20.5365170775473 -47.3532725423834,-20.5365027614263 -47.3532757503005,-20.5364875984325 -47.3532758236954,-20.5364721408662 -47.3532727598948,-20.5364569517572 -47.3534388910232,-20.5364118329403 -47.3534152299364,-20.5362992947363 -47.3533920768579,-20.5361794845042 -47.3533756606358,-20.5360587026073 -47.3533747611771,-20.536047795791 -47.3533754393848,-20.5360368749507 -47.3533776828871,-20.5360261393067 -47.3533814507572,-20.536015784701 -47.353386674261,-20.5360060000247 -47.3533932581099,-20.5359969637722 -47.3534010822,-20.5359888407847 -47.3534100038024,-20.5359817792436 -47.353419860167,-20.5359759079672 -47.3534318368458,-20.535969748446 -47.3534437703699,-20.5359635159029 -47.3534556602317,-20.535957210603 -47.3534349144316,-20.5359475469496 -47.3534192026986,-20.5359402285444 -47.3517951654697,-20.5351837336801 -47.350438462865,-20.5377379653477 -47.3511156293191,-20.5380577557872</coordinates></LinearRing></outerBoundaryIs></Polygon>
  </Placemark>
  <Placemark id="REURB.40">
	<Style><LineStyle><color>ff0000ff</color></LineStyle><PolyStyle><fill>0</fill></PolyStyle></Style>
	<ExtendedData><SchemaData schemaUrl="#REURB">
		<SimpleData name="fid">40</SimpleData>
		<SimpleData name="NOME_LOTEAMENTO">Fazenda Palestina</SimpleData>
		<SimpleData name="MATRICULA">98.590</SimpleData>
		<SimpleData name="SITUACAO">Fazenda Palestina</SimpleData>
	</SchemaData></ExtendedData>
      <Polygon><outerBoundaryIs><LinearRing><coordinates>-47.355744019831,-20.5396008430349 -47.3561911645618,-20.5378286894112 -47.3548787684518,-20.5375076830449 -47.354337449783,-20.5394485290873 -47.3543509496262,-20.539451607099 -47.3545435018015,-20.5394885517329 -47.3546132378394,-20.5394990003965 -47.3547574666581,-20.5395206104341 -47.3549321474154,-20.5395420467192 -47.3550489695888,-20.5395534449857 -47.355356243974,-20.5395804733722 -47.3556806509637,-20.5395972157952 -47.355744019831,-20.5396008430349</coordinates></LinearRing></outerBoundaryIs></Polygon>
  </Placemark>
  <Placemark id="REURB.41">
	<Style><LineStyle><color>ff0000ff</color></LineStyle><PolyStyle><fill>0</fill></PolyStyle></Style>
	<ExtendedData><SchemaData schemaUrl="#REURB">
		<SimpleData name="fid">41</SimpleData>
		<SimpleData name="NOME_LOTEAMENTO">Fazenda Palestina</SimpleData>
		<SimpleData name="SITUACAO">Fazenda Palestina</SimpleData>
	</SchemaData></ExtendedData>
      <Polygon><outerBoundaryIs><LinearRing><coordinates>-47.3446111572723,-20.535020939519 -47.3448630629805,-20.5351385420959 -47.3458309601845,-20.5355885703551 -47.3471078257202,-20.5332362435245 -47.3473058959655,-20.5328861098777 -47.3471060346844,-20.5324572358311 -47.3469941698964,-20.5322171926107 -47.3469884234704,-20.5322048617355 -47.3467869214438,-20.5322321720208 -47.3467761443736,-20.5322336185178 -47.3467569391259,-20.5322359444832 -47.3465835246608,-20.5322592296428 -47.346178327103,-20.5323116093007 -47.3460469928892,-20.5323281521115 -47.3446111572723,-20.535020939519</coordinates></LinearRing></outerBoundaryIs></Polygon>
  </Placemark>
  <Placemark id="REURB.42">
	<Style><LineStyle><color>ff0000ff</color></LineStyle><PolyStyle><fill>0</fill></PolyStyle></Style>
	<ExtendedData><SchemaData schemaUrl="#REURB">
		<SimpleData name="fid">42</SimpleData>
		<SimpleData name="NOME_LOTEAMENTO">Fazenda Palestina</SimpleData>
		<SimpleData name="MATRICULA">101.705</SimpleData>
		<SimpleData name="SITUACAO">Fazenda Palestina</SimpleData>
	</SchemaData></ExtendedData>
      <Polygon><outerBoundaryIs><LinearRing><coordinates>-47.3492316203514,-20.5371758029817 -47.350438462865,-20.5377379653477 -47.3517951654697,-20.5351837336801 -47.3514809769098,-20.5350373783667 -47.3503844037476,-20.5345265880018 -47.3490265036991,-20.5370801475749 -47.3492316203514,-20.5371758029817</coordinates></LinearRing></outerBoundaryIs></Polygon>
  </Placemark>
  <Placemark id="REURB.43">
	<Style><LineStyle><color>ff0000ff</color></LineStyle><PolyStyle><fill>0</fill></PolyStyle></Style>
	<ExtendedData><SchemaData schemaUrl="#REURB">
		<SimpleData name="fid">43</SimpleData>
		<SimpleData name="NOME_LOTEAMENTO">Fazenda Palestina</SimpleData>
		<SimpleData name="MATRICULA">101.216</SimpleData>
		<SimpleData name="SITUACAO">Fazenda Palestina</SimpleData>
	</SchemaData></ExtendedData>
      <Polygon><outerBoundaryIs><LinearRing><coordinates>-47.3492316203514,-20.5371758029817 -47.350438462865,-20.5377379653477 -47.3517951654697,-20.5351837336801 -47.3514809769098,-20.5350373783667 -47.3503844037476,-20.5345265880018 -47.3490265036991,-20.5370801475749 -47.3492316203514,-20.5371758029817</coordinates></LinearRing></outerBoundaryIs></Polygon>
  </Placemark>
  <Placemark id="REURB.44">
	<Style><LineStyle><color>ff0000ff</color></LineStyle><PolyStyle><fill>0</fill></PolyStyle></Style>
	<ExtendedData><SchemaData schemaUrl="#REURB">
		<SimpleData name="fid">44</SimpleData>
		<SimpleData name="NOME_LOTEAMENTO">Fazenda Palestina</SimpleData>
		<SimpleData name="MATRICULA">101.214</SimpleData>
		<SimpleData name="SITUACAO">Fazenda Palestina</SimpleData>
	</SchemaData></ExtendedData>
      <Polygon><outerBoundaryIs><LinearRing><coordinates>-47.3539487324656,-20.5393506593642 -47.3541537678195,-20.5394066489539 -47.354337449783,-20.5394485290873 -47.3548787684518,-20.5375076830449 -47.353859017255,-20.5371178223408 -47.3538465811465,-20.5371207468911 -47.3538338199891,-20.53712191748 -47.3538210142639,-20.537121308379 -47.3538084454314,-20.5371189329756 -47.3537963897454,-20.5371148434795 -47.3537851121814,-20.5371091297747 -47.3537748606121,-20.5371019174444 -47.3537658603594,-20.5370933650104 -47.3537583092425,-20.537083660449 -47.3536907886516,-20.5369796102094 -47.3536291838838,-20.5368723891258 -47.3535736642701,-20.5367622919066 -47.3535243824072,-20.5366496211559 -47.3534814737473,-20.5365346865517 -47.3534388910232,-20.5364118329403 -47.3532727598948,-20.5364569517572 -47.3532758236954,-20.5364721408662 -47.3532757503005,-20.5364875984325 -47.3532725423834,-20.5365027614263 -47.3532663167901,-20.5365170775473 -47.3532573002829,-20.5365300253417 -47.353245821281,-20.5365411331962 -47.3532322978981,-20.5365499965157 -47.3532172227131,-20.5365562924606 -47.3532011448367,-20.5365597917151 -47.3521948334104,-20.5385964783089 -47.3528839034101,-20.5389278713967 -47.3530980912866,-20.5390233989595 -47.3532801172472,-20.5390982348682 -47.3532907147621,-20.5391027945991 -47.3534729317988,-20.5391811960595 -47.3535692832037,-20.5392191143871 -47.3537561894287,-20.5392876976856 -47.3539487324656,-20.5393506593642</coordinates></LinearRing></outerBoundaryIs></Polygon>
  </Placemark>
  <Placemark id="REURB.45">
	<Style><LineStyle><color>ff0000ff</color></LineStyle><PolyStyle><fill>0</fill></PolyStyle></Style>
	<ExtendedData><SchemaData schemaUrl="#REURB">
		<SimpleData name="fid">45</SimpleData>
		<SimpleData name="NOME_LOTEAMENTO">Fazenda Palestina</SimpleData>
		<SimpleData name="SITUACAO">Fazenda Palestina</SimpleData>
	</SchemaData></ExtendedData>
      <Polygon><outerBoundaryIs><LinearRing><coordinates>-47.340298634719,-20.5333318308958 -47.3405351719556,-20.5333192368054 -47.3389963842615,-20.5292547260337 -47.337962442419,-20.5308018143837 -47.3396179450088,-20.5334939635416 -47.3398075879125,-20.5334419446841 -47.3399354647321,-20.5334012504495 -47.3401196073222,-20.5333605562149 -47.340298634719,-20.5333318308958</coordinates></LinearRing></outerBoundaryIs></Polygon>
  </Placemark>
  <Placemark id="REURB.46">
	<Style><LineStyle><color>ff0000ff</color></LineStyle><PolyStyle><fill>0</fill></PolyStyle></Style>
	<ExtendedData><SchemaData schemaUrl="#REURB">
		<SimpleData name="fid">46</SimpleData>
		<SimpleData name="NOME_LOTEAMENTO">Fazenda Palestina</SimpleData>
		<SimpleData name="MATRICULA">106.631</SimpleData>
		<SimpleData name="SITUACAO">Fazenda Palestina</SimpleData>
	</SchemaData></ExtendedData>
      <Polygon><outerBoundaryIs><LinearRing><coordinates>-47.3537583092425,-20.537083660449 -47.3537658603594,-20.5370933650104 -47.3537748606121,-20.5371019174444 -47.3537851121814,-20.5371091297747 -47.3537963897454,-20.5371148434795 -47.3538084454314,-20.5371189329756 -47.3538210142639,-20.537121308379 -47.3538338199891,-20.53712191748 -47.3538465811465,-20.5371207468911 -47.353859017255,-20.5371178223408 -47.3540993124525,-20.5370318713373 -47.3543304701878,-20.5369262045043 -47.3545506502297,-20.5368016630351 -47.3547580997484,-20.5366592383911 -47.3549511672604,-20.5365000643998 -47.355128315776,-20.5363254082283 -47.3551802128405,-20.5362641174064 -47.3516169469554,-20.5346058066026 -47.3514809769098,-20.5350373783667 -47.3517951654697,-20.5351837336801 -47.3534192026986,-20.5359402285444 -47.3534349144316,-20.5359475469496 -47.3534556602317,-20.535957210603 -47.3534437703699,-20.5359635159029 -47.3534318368458,-20.535969748446 -47.353419860167,-20.5359759079672 -47.3534100038024,-20.5359817792436 -47.3534010822,-20.5359888407847 -47.3533932581099,-20.5359969637722 -47.353386674261,-20.5360060000247 -47.3533814507572,-20.536015784701 -47.3533776828871,-20.5360261393067 -47.3533754393848,-20.5360368749507 -47.3533747611771,-20.536047795791 -47.3533756606358,-20.5360587026073 -47.3533920768579,-20.5361794845042 -47.3534152299364,-20.5362992947363 -47.3534388910232,-20.5364118329403 -47.3534814737473,-20.5365346865517 -47.3535243824072,-20.5366496211559 -47.3535736642701,-20.5367622919066 -47.3536291838838,-20.5368723891258 -47.3536907886516,-20.5369796102094 -47.3537583092425,-20.537083660449</coordinates></LinearRing></outerBoundaryIs></Polygon>
  </Placemark>
  <Placemark id="REURB.47">
	<Style><LineStyle><color>ff0000ff</color></LineStyle><PolyStyle><fill>0</fill></PolyStyle></Style>
	<ExtendedData><SchemaData schemaUrl="#REURB">
		<SimpleData name="fid">47</SimpleData>
		<SimpleData name="NOME_LOTEAMENTO">Fazenda Palestina</SimpleData>
		<SimpleData name="MATRICULA">120.048</SimpleData>
		<SimpleData name="SITUACAO">Fazenda Palestina</SimpleData>
	</SchemaData></ExtendedData>
      <Polygon><outerBoundaryIs><LinearRing><coordinates>-47.3477655861323,-20.5320025312448 -47.3481466185027,-20.5315177545053 -47.3481557359893,-20.5315142026741 -47.34817294195,-20.5314617733617 -47.3475876140776,-20.5310540273738 -47.3468832379985,-20.5306492147753 -47.3469651337566,-20.5304723876792 -47.3465338148172,-20.5302194043669 -47.3461099794812,-20.5308531144374 -47.3467869214438,-20.5322321720208 -47.3469884234704,-20.5322048617355 -47.3477655861323,-20.5320025312448</coordinates></LinearRing></outerBoundaryIs></Polygon>
  </Placemark>
  <Placemark id="REURB.48">
	<Style><LineStyle><color>ff0000ff</color></LineStyle><PolyStyle><fill>0</fill></PolyStyle></Style>
	<ExtendedData><SchemaData schemaUrl="#REURB">
		<SimpleData name="fid">48</SimpleData>
		<SimpleData name="NOME_LOTEAMENTO">Fazenda Palestina</SimpleData>
		<SimpleData name="MATRICULA">124.274</SimpleData>
		<SimpleData name="SITUACAO">Fazenda Palestina</SimpleData>
	</SchemaData></ExtendedData>
      <Polygon><outerBoundaryIs><LinearRing><coordinates>-47.3418120722067,-20.5196737693546 -47.341706570078,-20.5199672909055 -47.3415006589504,-20.5200765026508 -47.3414244612372,-20.5202427420672 -47.3419215749677,-20.5211078958674 -47.341669928967,-20.5221600309841 -47.3421700876069,-20.5238422624369 -47.3402794308499,-20.5248428300699 -47.3409508730413,-20.5248245766245 -47.3424777966837,-20.5240638870422 -47.3419106269557,-20.5221562707768 -47.3422130466603,-20.5210757096161 -47.3420002575965,-20.5206349962759 -47.3421685151952,-20.5203549099171 -47.3418120722067,-20.5196737693546</coordinates></LinearRing></outerBoundaryIs></Polygon>
  </Placemark>
  <Placemark id="REURB.49">
	<Style><LineStyle><color>ff0000ff</color></LineStyle><PolyStyle><fill>0</fill></PolyStyle></Style>
	<ExtendedData><SchemaData schemaUrl="#REURB">
		<SimpleData name="fid">49</SimpleData>
		<SimpleData name="NOME_LOTEAMENTO">Fazenda Palestina</SimpleData>
		<SimpleData name="MATRICULA">119.119</SimpleData>
		<SimpleData name="SITUACAO">Fazenda Palestina</SimpleData>
	</SchemaData></ExtendedData>
      <Polygon><outerBoundaryIs><LinearRing><coordinates>-47.3419106269557,-20.5221562707768 -47.3424777966837,-20.5240638870422 -47.3409508730413,-20.5248245766245 -47.3419716055015,-20.5248275207794 -47.3425470368122,-20.524795329085 -47.3426247457336,-20.5241899765788 -47.3427039405848,-20.5237716436939 -47.3424946973306,-20.522986511213 -47.3427750201085,-20.5222396516726 -47.342221880874,-20.5210940064014 -47.3422130466603,-20.5210757096161 -47.3419106269557,-20.5221562707768</coordinates></LinearRing></outerBoundaryIs></Polygon>
  </Placemark>
  <Placemark id="REURB.50">
	<Style><LineStyle><color>ff0000ff</color></LineStyle><PolyStyle><fill>0</fill></PolyStyle></Style>
	<ExtendedData><SchemaData schemaUrl="#REURB">
		<SimpleData name="fid">50</SimpleData>
		<SimpleData name="NOME_LOTEAMENTO">Fazenda Palestina</SimpleData>
		<SimpleData name="MATRICULA">119.120</SimpleData>
		<SimpleData name="SITUACAO">Fazenda Palestina</SimpleData>
	</SchemaData></ExtendedData>
      <Polygon><outerBoundaryIs><LinearRing><coordinates>-47.3424946973306,-20.522986511213 -47.3427039405848,-20.5237716436939 -47.3426247457336,-20.5241899765788 -47.3425470368122,-20.524795329085 -47.3429572119388,-20.524770033438 -47.3429722889334,-20.524769569119 -47.3439815411762,-20.5247384877285 -47.343679506569,-20.5241096454422 -47.3427750201085,-20.5222396516726 -47.3424946973306,-20.522986511213</coordinates></LinearRing></outerBoundaryIs></Polygon>
  </Placemark>
  <Placemark id="REURB.51">
	<Style><LineStyle><color>ff0000ff</color></LineStyle><PolyStyle><fill>0</fill></PolyStyle></Style>
	<ExtendedData><SchemaData schemaUrl="#REURB">
		<SimpleData name="fid">51</SimpleData>
		<SimpleData name="NOME_LOTEAMENTO">Fazenda Palestina</SimpleData>
		<SimpleData name="MATRICULA">106.205</SimpleData>
		<SimpleData name="SITUACAO">Fazenda Palestina</SimpleData>
	</SchemaData></ExtendedData>
      <Polygon><outerBoundaryIs><LinearRing><coordinates>-47.3439815411762,-20.5247384877285 -47.3429722889334,-20.524769569119 -47.3429572119388,-20.524770033438 -47.3437890506846,-20.5264272062548 -47.344780131275,-20.5264011688008 -47.3439815411762,-20.5247384877285</coordinates></LinearRing></outerBoundaryIs></Polygon>
  </Placemark>
  <Placemark id="REURB.52">
	<Style><LineStyle><color>ff0000ff</color></LineStyle><PolyStyle><fill>0</fill></PolyStyle></Style>
	<ExtendedData><SchemaData schemaUrl="#REURB">
		<SimpleData name="fid">52</SimpleData>
		<SimpleData name="NOME_LOTEAMENTO">Fazenda Palestina</SimpleData>
		<SimpleData name="MATRICULA">109.929</SimpleData>
		<SimpleData name="SITUACAO">Fazenda Palestina</SimpleData>
	</SchemaData></ExtendedData>
      <Polygon><outerBoundaryIs><LinearRing><coordinates>-47.3419716055015,-20.5248275207794 -47.3427406645473,-20.5264933843958 -47.3433128287325,-20.5264572693385 -47.3437890506846,-20.5264272062548 -47.3429572119388,-20.524770033438 -47.3425470368122,-20.524795329085 -47.3419716055015,-20.5248275207794</coordinates></LinearRing></outerBoundaryIs></Polygon>
  </Placemark>
  <Placemark id="REURB.53">
	<Style><LineStyle><color>ff0000ff</color></LineStyle><PolyStyle><fill>0</fill></PolyStyle></Style>
	<ExtendedData><SchemaData schemaUrl="#REURB">
		<SimpleData name="fid">53</SimpleData>
		<SimpleData name="NOME_LOTEAMENTO">Fazenda Palestina</SimpleData>
		<SimpleData name="MATRICULA">109.928</SimpleData>
		<SimpleData name="SITUACAO">Fazenda Palestina</SimpleData>
	</SchemaData></ExtendedData>
      <Polygon><outerBoundaryIs><LinearRing><coordinates>-47.3427406645473,-20.5264933843958 -47.3419716055015,-20.5248275207794 -47.3409508730413,-20.5248245766245 -47.3417482425132,-20.5265560298706 -47.3417644395149,-20.5265550074539 -47.342266825629,-20.5265232971329 -47.3427406645473,-20.5264933843958</coordinates></LinearRing></outerBoundaryIs></Polygon>
  </Placemark>
  <Placemark id="REURB.54">
	<Style><LineStyle><color>ff0000ff</color></LineStyle><PolyStyle><fill>0</fill></PolyStyle></Style>
	<ExtendedData><SchemaData schemaUrl="#REURB">
		<SimpleData name="fid">54</SimpleData>
		<SimpleData name="NOME_LOTEAMENTO">Fazenda Palestina</SimpleData>
		<SimpleData name="MATRICULA">113.794</SimpleData>
		<SimpleData name="SITUACAO">Fazenda Palestina</SimpleData>
	</SchemaData></ExtendedData>
      <Polygon><outerBoundaryIs><LinearRing><coordinates>-47.3302385754156,-20.5316550007283 -47.3301475681132,-20.5321322347132 -47.3302540178413,-20.5328677002662 -47.3304281401933,-20.5330372725104 -47.3310716446794,-20.5336639611499 -47.3311657252535,-20.5336253536441 -47.3312271425666,-20.5335122474484 -47.3314841003516,-20.5332792465681 -47.3316039465916,-20.5332465406759 -47.3316703454672,-20.5331481872448 -47.3318043504353,-20.5330777694964 -47.3318462564313,-20.5330634761214 -47.3315798397972,-20.5327671003439 -47.3314559667371,-20.5328876465889 -47.3310019242966,-20.5324867686193 -47.3311776007793,-20.5320592681373 -47.3311920550765,-20.5320197208637 -47.3302385754156,-20.5316550007283</coordinates></LinearRing></outerBoundaryIs></Polygon>
  </Placemark>
  <Placemark id="REURB.55">
	<Style><LineStyle><color>ff0000ff</color></LineStyle><PolyStyle><fill>0</fill></PolyStyle></Style>
	<ExtendedData><SchemaData schemaUrl="#REURB">
		<SimpleData name="fid">55</SimpleData>
		<SimpleData name="NOME_LOTEAMENTO">Fazenda Palestina</SimpleData>
		<SimpleData name="MATRICULA">113.793</SimpleData>
		<SimpleData name="SITUACAO">Fazenda Palestina</SimpleData>
	</SchemaData></ExtendedData>
      <Polygon><outerBoundaryIs><LinearRing><coordinates>-47.3310002867671,-20.5304328009199 -47.3308342852713,-20.5304677750712 -47.3302385754156,-20.5316550007283 -47.3311920550765,-20.5320197208637 -47.3316932869203,-20.5307149915961 -47.3319238663984,-20.5302382158352 -47.3310002867671,-20.5304328009199</coordinates></LinearRing></outerBoundaryIs></Polygon>
  </Placemark>
  <Placemark id="REURB.56">
	<Style><LineStyle><color>ff0000ff</color></LineStyle><PolyStyle><fill>0</fill></PolyStyle></Style>
	<ExtendedData><SchemaData schemaUrl="#REURB">
		<SimpleData name="fid">56</SimpleData>
		<SimpleData name="NOME_LOTEAMENTO">Fazenda Palestina</SimpleData>
		<SimpleData name="MATRICULA">93.931</SimpleData>
		<SimpleData name="SITUACAO">Fazenda Palestina</SimpleData>
	</SchemaData></ExtendedData>
      <Polygon><outerBoundaryIs><LinearRing><coordinates>-47.3310716446794,-20.5336639611499 -47.3310246604193,-20.533733164636 -47.3309183489759,-20.5337737234754 -47.3308018420969,-20.5344245984302 -47.3309365045478,-20.5344261466558 -47.3315945340952,-20.5344337120829 -47.332356479327,-20.5344291101148 -47.3334141593908,-20.5344227219776 -47.3332898501701,-20.5340027881656 -47.3332740002492,-20.533949247853 -47.3328172173854,-20.5341891644275 -47.3326966149511,-20.5341999148978 -47.3326014479183,-20.5341605185347 -47.3324379370436,-20.5339644880937 -47.3323901698125,-20.533756420783 -47.3327131739987,-20.5333087775078 -47.3324658364899,-20.5327031096704 -47.3322304934139,-20.5328430549215 -47.3320299983911,-20.5330008050724 -47.3318462564313,-20.5330634761214 -47.3318043504353,-20.5330777694964 -47.3316703454672,-20.5331481872448 -47.3316039465916,-20.5332465406759 -47.3314841003516,-20.5332792465681 -47.3312271425666,-20.5335122474484 -47.3311657252535,-20.5336253536441 -47.3310716446794,-20.5336639611499</coordinates></LinearRing></outerBoundaryIs></Polygon>
  </Placemark>
  <Placemark id="REURB.57">
	<Style><LineStyle><color>ff0000ff</color></LineStyle><PolyStyle><fill>0</fill></PolyStyle></Style>
	<ExtendedData><SchemaData schemaUrl="#REURB">
		<SimpleData name="fid">57</SimpleData>
		<SimpleData name="NOME_LOTEAMENTO">Fazenda Palestina</SimpleData>
		<SimpleData name="MATRICULA">113.795</SimpleData>
		<SimpleData name="SITUACAO">Fazenda Palestina</SimpleData>
	</SchemaData></ExtendedData>
      <Polygon><outerBoundaryIs><LinearRing><coordinates>-47.3319843323072,-20.5302402218976 -47.3319238663984,-20.5302382158352 -47.3316932869203,-20.5307149915961 -47.3311920550765,-20.5320197208637 -47.3311776007793,-20.5320592681373 -47.3310019242966,-20.5324867686193 -47.3314559667371,-20.5328876465889 -47.3315798397972,-20.5327671003439 -47.3318462564313,-20.5330634761214 -47.3320299983911,-20.5330008050724 -47.3322304934139,-20.5328430549215 -47.3324658364899,-20.5327031096704 -47.3324752929375,-20.5320417203463 -47.3322742270405,-20.5314358074589 -47.3322448776672,-20.5308279843366 -47.3324399692435,-20.5304299564819 -47.3322024479648,-20.5303310487823 -47.3319843323072,-20.5302402218976</coordinates></LinearRing></outerBoundaryIs></Polygon>
  </Placemark>
  <Placemark id="REURB.58">
	<Style><LineStyle><color>ff0000ff</color></LineStyle><PolyStyle><fill>0</fill></PolyStyle></Style>
	<ExtendedData><SchemaData schemaUrl="#REURB">
		<SimpleData name="fid">58</SimpleData>
		<SimpleData name="NOME_LOTEAMENTO">Fazenda Palestina</SimpleData>
		<SimpleData name="MATRICULA">116.133</SimpleData>
		<SimpleData name="SITUACAO">Fazenda Palestina</SimpleData>
	</SchemaData></ExtendedData>
      <Polygon><outerBoundaryIs><LinearRing><coordinates>-47.3350583385277,-20.5206577959396 -47.3389034697347,-20.5154921946386 -47.3383868614632,-20.5148473409816 -47.3377546562062,-20.5149424509642 -47.3357228946542,-20.5142564003457 -47.3344069014968,-20.5196261547351 -47.3350583385277,-20.5206577959396</coordinates></LinearRing></outerBoundaryIs></Polygon>
  </Placemark>
  <Placemark id="REURB.59">
	<Style><LineStyle><color>ff0000ff</color></LineStyle><PolyStyle><fill>0</fill></PolyStyle></Style>
	<ExtendedData><SchemaData schemaUrl="#REURB">
		<SimpleData name="fid">59</SimpleData>
		<SimpleData name="NOME_LOTEAMENTO">Fazenda Palestina</SimpleData>
		<SimpleData name="MATRICULA">106.630</SimpleData>
		<SimpleData name="SITUACAO">Fazenda Palestina</SimpleData>
	</SchemaData></ExtendedData>
      <Polygon><outerBoundaryIs><LinearRing><coordinates>-47.3535876162235,-20.5288378697654 -47.3556709411253,-20.530272871995 -47.3557022585348,-20.5302337051222 -47.3557107974062,-20.5302246925577 -47.3557206694873,-20.5302169659522 -47.3557316563227,-20.5302106963009 -47.3557435147789,-20.5302060223481 -47.3557559824339,-20.5302030475262 -47.3557687833846,-20.5302018376664 -47.3557816343518,-20.5302024195425 -47.3557942509498,-20.5302047802777 -47.3558063539873,-20.5302088676381 -47.356882178614,-20.5306449251196 -47.3569016509931,-20.5306503807024 -47.3569229875521,-20.5306513628211 -47.3569439303204,-20.5306474175114 -47.356963201633,-20.5306387854665 -47.3569796257961,-20.5306259933056 -47.3569922008134,-20.530609821446 -47.3570001595151,-20.5305912564919 -47.357003016361,-20.530571431044 -47.3570005970622,-20.5305515546025 -47.3568793994633,-20.5300822961364 -47.3567173320859,-20.5300282569483 -47.3566046769193,-20.5300327438453 -47.356468052573,-20.529889163447 -47.3563266344348,-20.529886920046 -47.3561252933989,-20.5298510249102 -47.3560028123876,-20.5298291889615 -47.3558903954858,-20.5298689725021 -47.3555931776085,-20.5297904519785 -47.3554878330971,-20.529605524233 -47.3552440787459,-20.5295580877629 -47.3550027377982,-20.5292328091396 -47.3548903239671,-20.5290812981071 -47.3543390501041,-20.528785551037 -47.3541985321151,-20.5287185662389 -47.3537871245873,-20.5284116191155 -47.3534858124858,-20.528841232294 -47.3535876162235,-20.5288378697654</coordinates></LinearRing></outerBoundaryIs></Polygon>
  </Placemark>
  <Placemark id="REURB.60">
	<Style><LineStyle><color>ff0000ff</color></LineStyle><PolyStyle><fill>0</fill></PolyStyle></Style>
	<ExtendedData><SchemaData schemaUrl="#REURB">
		<SimpleData name="fid">60</SimpleData>
		<SimpleData name="NOME_LOTEAMENTO">Fazenda Palestina</SimpleData>
		<SimpleData name="MATRICULA">106.629</SimpleData>
		<SimpleData name="SITUACAO">Fazenda Palestina</SimpleData>
	</SchemaData></ExtendedData>
      <Polygon><outerBoundaryIs><LinearRing><coordinates>-47.3556709411253,-20.530272871995 -47.3535876162235,-20.5288378697654 -47.3534858124858,-20.528841232294 -47.3534290938068,-20.528852878094 -47.3534219588395,-20.5288766462843 -47.3534138616485,-20.5289023471327 -47.3531147487668,-20.5298517398297 -47.3553411598562,-20.5308040742177 -47.3553486298169,-20.5307884948691 -47.3553811838412,-20.5307233319025 -47.3554154766861,-20.5306589558354 -47.3554514866887,-20.5305954073598 -47.3554891910921,-20.530532726636 -47.3555285660687,-20.5304709532757 -47.3555695867348,-20.5304101263175 -47.3556122271671,-20.5303502842016 -47.3556564604183,-20.530291464746 -47.3556709411253,-20.530272871995</coordinates></LinearRing></outerBoundaryIs></Polygon>
  </Placemark>
  <Placemark id="REURB.61">
	<Style><LineStyle><color>ff0000ff</color></LineStyle><PolyStyle><fill>0</fill></PolyStyle></Style>
	<ExtendedData><SchemaData schemaUrl="#REURB">
		<SimpleData name="fid">61</SimpleData>
		<SimpleData name="NOME_LOTEAMENTO">Fazenda Palestina</SimpleData>
		<SimpleData name="MATRICULA">95.149</SimpleData>
		<SimpleData name="SITUACAO">Fazenda Palestina</SimpleData>
	</SchemaData></ExtendedData>
      <Polygon><outerBoundaryIs><LinearRing><coordinates>-47.3541985321151,-20.5287185662389 -47.3543390501041,-20.528785551037 -47.3548903239671,-20.5290812981071 -47.3550027377982,-20.5292328091396 -47.3552440787459,-20.5295580877629 -47.3554878330971,-20.529605524233 -47.3555931776085,-20.5297904519785 -47.3558903954858,-20.5298689725021 -47.3560028123876,-20.5298291889615 -47.3561252933989,-20.5298510249102 -47.3563266344348,-20.529886920046 -47.356468052573,-20.529889163447 -47.3566046769193,-20.5300327438453 -47.3567173320859,-20.5300282569483 -47.3568793994633,-20.5300822961364 -47.356869077611,-20.5300423315142 -47.3566748224746,-20.5293514679976 -47.3563208716646,-20.5280870221389 -47.355570059357,-20.5280856630778 -47.3541985321151,-20.5287185662389</coordinates></LinearRing></outerBoundaryIs></Polygon>
  </Placemark>
  <Placemark id="REURB.62">
	<Style><LineStyle><color>ff0000ff</color></LineStyle><PolyStyle><fill>0</fill></PolyStyle></Style>
	<ExtendedData><SchemaData schemaUrl="#REURB">
		<SimpleData name="fid">62</SimpleData>
		<SimpleData name="NOME_LOTEAMENTO">Fazenda Palestina</SimpleData>
		<SimpleData name="MATRICULA">95.148</SimpleData>
		<SimpleData name="SITUACAO">Fazenda Palestina</SimpleData>
	</SchemaData></ExtendedData>
      <Polygon><outerBoundaryIs><LinearRing><coordinates>-47.3541985321151,-20.5287185662389 -47.355570059357,-20.5280856630778 -47.3563208716646,-20.5280870221389 -47.3560252627844,-20.5270749740746 -47.3536416195274,-20.5276167741135 -47.3531642339826,-20.5279423319835 -47.353506940618,-20.5280348161219 -47.3538536472972,-20.528128378902 -47.3538692231873,-20.5281345214997 -47.3538832260679,-20.5281433835019 -47.3538951212367,-20.5281546265115 -47.3539080447801,-20.5281749954022 -47.353914116065,-20.5282001894854 -47.3539140852266,-20.5282138219613 -47.3539195618957,-20.5282227881055 -47.3539107633499,-20.5282293401921 -47.3539042822545,-20.5282439571684 -47.3537871245873,-20.5284116191155 -47.3541985321151,-20.5287185662389</coordinates></LinearRing></outerBoundaryIs></Polygon>
  </Placemark>
  <Placemark id="REURB.63">
	<Style><LineStyle><color>ff0000ff</color></LineStyle><PolyStyle><fill>0</fill></PolyStyle></Style>
	<ExtendedData><SchemaData schemaUrl="#REURB">
		<SimpleData name="fid">63</SimpleData>
		<SimpleData name="NOME_LOTEAMENTO">Fazenda Palestina</SimpleData>
		<SimpleData name="SITUACAO">Fazenda Palestina</SimpleData>
	</SchemaData></ExtendedData>
      <Polygon><outerBoundaryIs><LinearRing><coordinates>-47.3469941698964,-20.5322171926107 -47.3477655861323,-20.5320025312448 -47.3469884234704,-20.5322048617355 -47.3469941698964,-20.5322171926107</coordinates></LinearRing></outerBoundaryIs></Polygon>
  </Placemark>
  <Placemark id="REURB.64">
	<Style><LineStyle><color>ff0000ff</color></LineStyle><PolyStyle><fill>0</fill></PolyStyle></Style>
	<ExtendedData><SchemaData schemaUrl="#REURB">
		<SimpleData name="fid">64</SimpleData>
		<SimpleData name="NOME_LOTEAMENTO">Fazenda Palestina</SimpleData>
		<SimpleData name="MATRICULA">106.639</SimpleData>
		<SimpleData name="SITUACAO">Fazenda Palestina</SimpleData>
	</SchemaData></ExtendedData>
      <Polygon><outerBoundaryIs><LinearRing><coordinates>-47.3498481385771,-20.5331984515844 -47.3495020459374,-20.5341155675209 -47.3497698591865,-20.5342403247279 -47.3503844037476,-20.5345265880018 -47.3514809769098,-20.5350373783667 -47.3516169469554,-20.5346058066026 -47.3517529164272,-20.5341742345715 -47.3517589661637,-20.5341550326261 -47.3517650109001,-20.5341358463648 -47.3498481385771,-20.5331984515844</coordinates></LinearRing></outerBoundaryIs></Polygon>
  </Placemark>
  <Placemark id="REURB.65">
	<Style><LineStyle><color>ff0000ff</color></LineStyle><PolyStyle><fill>0</fill></PolyStyle></Style>
	<ExtendedData><SchemaData schemaUrl="#REURB">
		<SimpleData name="fid">65</SimpleData>
		<SimpleData name="NOME_LOTEAMENTO">Fazenda Palestina</SimpleData>
		<SimpleData name="MATRICULA">106.640</SimpleData>
		<SimpleData name="SITUACAO">Fazenda Palestina</SimpleData>
	</SchemaData></ExtendedData>
      <Polygon><outerBoundaryIs><LinearRing><coordinates>-47.3504079747331,-20.5315635735928 -47.3501542279685,-20.5323689730671 -47.3520303150943,-20.5332937632792 -47.3520353856737,-20.5332776691865 -47.3521553665535,-20.5328968463759 -47.3521608257022,-20.5328795188777 -47.3522080403644,-20.5327296589574 -47.3522840618579,-20.5324883638039 -47.3504079747331,-20.5315635735928</coordinates></LinearRing></outerBoundaryIs></Polygon>
  </Placemark>
  <Placemark id="REURB.66">
	<Style><LineStyle><color>ff0000ff</color></LineStyle><PolyStyle><fill>0</fill></PolyStyle></Style>
	<ExtendedData><SchemaData schemaUrl="#REURB">
		<SimpleData name="fid">66</SimpleData>
		<SimpleData name="NOME_LOTEAMENTO">Fazenda Palestina</SimpleData>
		<SimpleData name="MATRICULA">106.417</SimpleData>
		<SimpleData name="SITUACAO">Fazenda Palestina</SimpleData>
	</SchemaData></ExtendedData>
      <Polygon><outerBoundaryIs><LinearRing><coordinates>-47.3506644952799,-20.5307493700508 -47.3504079747331,-20.5315635735928 -47.3522840618579,-20.5324883638039 -47.3524635556808,-20.5319186452836 -47.3525402268001,-20.5316739849749 -47.3506644952799,-20.5307493700508</coordinates></LinearRing></outerBoundaryIs></Polygon>
  </Placemark>
  <Placemark id="REURB.67">
	<Style><LineStyle><color>ff0000ff</color></LineStyle><PolyStyle><fill>0</fill></PolyStyle></Style>
	<ExtendedData><SchemaData schemaUrl="#REURB">
		<SimpleData name="fid">67</SimpleData>
		<SimpleData name="NOME_LOTEAMENTO">Fazenda Palestina</SimpleData>
		<SimpleData name="MATRICULA">106.416</SimpleData>
		<SimpleData name="SITUACAO">Fazenda Palestina</SimpleData>
	</SchemaData></ExtendedData>
      <Polygon><outerBoundaryIs><LinearRing><coordinates>-47.3501542279685,-20.5323689730671 -47.3498481385771,-20.5331984515844 -47.3517650109001,-20.5341358463648 -47.3520188405408,-20.533330183926 -47.3520248559445,-20.5333110907763 -47.3520303150943,-20.5332937632792 -47.3501542279685,-20.5323689730671</coordinates></LinearRing></outerBoundaryIs></Polygon>
  </Placemark>
  <Placemark id="REURB.68">
	<Style><LineStyle><color>ff0000ff</color></LineStyle><PolyStyle><fill>0</fill></PolyStyle></Style>
	<ExtendedData><SchemaData schemaUrl="#REURB">
		<SimpleData name="fid">68</SimpleData>
		<SimpleData name="NOME_LOTEAMENTO">Fazenda Palestina</SimpleData>
		<SimpleData name="MATRICULA">97.838</SimpleData>
		<SimpleData name="SITUACAO">Fazenda Palestina</SimpleData>
	</SchemaData></ExtendedData>
      <Polygon><outerBoundaryIs><LinearRing><coordinates>-47.3328200037956,-20.5324801415694 -47.3335820128471,-20.5312689527307 -47.3336108730168,-20.5311108988507 -47.3337068260434,-20.5309576194092 -47.33263677787,-20.5298935780719 -47.3321995631756,-20.529832511687 -47.3319843323072,-20.5302402218976 -47.3322024479648,-20.5303310487823 -47.3324399692435,-20.5304299564819 -47.3322448776672,-20.5308279843366 -47.3322742270405,-20.5314358074589 -47.3324752929375,-20.5320417203463 -47.3324658364899,-20.5327031096704 -47.3328200037956,-20.5324801415694</coordinates></LinearRing></outerBoundaryIs></Polygon>
  </Placemark>
  <Placemark id="REURB.69">
	<Style><LineStyle><color>ff0000ff</color></LineStyle><PolyStyle><fill>0</fill></PolyStyle></Style>
	<ExtendedData><SchemaData schemaUrl="#REURB">
		<SimpleData name="fid">69</SimpleData>
		<SimpleData name="NOME_LOTEAMENTO">Fazenda Palestina</SimpleData>
		<SimpleData name="MATRICULA">97.837</SimpleData>
		<SimpleData name="SITUACAO">Fazenda Palestina</SimpleData>
	</SchemaData></ExtendedData>
      <Polygon><outerBoundaryIs><LinearRing><coordinates>-47.33263677787,-20.5298935780719 -47.3337068260434,-20.5309576194092 -47.3343295387509,-20.5299628716725 -47.3337912117743,-20.5291765690753 -47.3331328077152,-20.5287701341301 -47.3331195060998,-20.5288047848623 -47.33263677787,-20.5298935780719</coordinates></LinearRing></outerBoundaryIs></Polygon>
  </Placemark>
  <Placemark id="REURB.70">
	<Style><LineStyle><color>ff0000ff</color></LineStyle><PolyStyle><fill>0</fill></PolyStyle></Style>
	<ExtendedData><SchemaData schemaUrl="#REURB">
		<SimpleData name="fid">70</SimpleData>
		<SimpleData name="NOME_LOTEAMENTO">Fazenda Palestina</SimpleData>
		<SimpleData name="SITUACAO">Fazenda Palestina</SimpleData>
	</SchemaData></ExtendedData>
      <Polygon><outerBoundaryIs><LinearRing><coordinates>-47.3343295387509,-20.5299628716725 -47.3337068260434,-20.5309576194092 -47.3336108730168,-20.5311108988507 -47.3335820128471,-20.5312689527307 -47.3353524571096,-20.532508050301 -47.3356789041712,-20.5320379776974 -47.3367055070059,-20.5305486617086 -47.3387124711093,-20.5276144376216 -47.3393501851629,-20.5266820861461 -47.3370960766171,-20.5253963838176 -47.3371239900134,-20.5256336978073 -47.3368333054513,-20.5260258017709 -47.3367050621521,-20.5264179057345 -47.3363630801929,-20.5267139842554 -47.3360841547034,-20.5270794765882 -47.3359783505534,-20.5272181179385 -47.3356363685942,-20.5275302006817 -47.3357389632594,-20.527826279148 -47.3354397289806,-20.5280423364486 -47.3350208011193,-20.528626491352 -47.3350207322374,-20.5288344980154 -47.3350207238896,-20.528859706575 -47.3343295387509,-20.5299628716725</coordinates></LinearRing></outerBoundaryIs></Polygon>
  </Placemark>
  <Placemark id="REURB.71">
	<Style><LineStyle><color>ff0000ff</color></LineStyle><PolyStyle><fill>0</fill></PolyStyle></Style>
	<ExtendedData><SchemaData schemaUrl="#REURB">
		<SimpleData name="fid">71</SimpleData>
		<SimpleData name="NOME_LOTEAMENTO">Fazenda Palestina</SimpleData>
		<SimpleData name="MATRICULA">97.314</SimpleData>
		<SimpleData name="SITUACAO">Fazenda Palestina</SimpleData>
	</SchemaData></ExtendedData>
      <Polygon><outerBoundaryIs><LinearRing><coordinates>-47.3337912117743,-20.5291765690753 -47.3343295387509,-20.5299628716725 -47.3350207238896,-20.528859706575 -47.3350207322374,-20.5288344980154 -47.3341312346348,-20.5283224041832 -47.3333858900288,-20.5282039560865 -47.3333725716399,-20.5282246117643 -47.3331328077152,-20.5287701341301 -47.3337912117743,-20.5291765690753</coordinates></LinearRing></outerBoundaryIs></Polygon>
  </Placemark>
  <Placemark id="REURB.72">
	<Style><LineStyle><color>ff0000ff</color></LineStyle><PolyStyle><fill>0</fill></PolyStyle></Style>
	<ExtendedData><SchemaData schemaUrl="#REURB">
		<SimpleData name="fid">72</SimpleData>
		<SimpleData name="NOME_LOTEAMENTO">Fazenda Palestina</SimpleData>
		<SimpleData name="MATRICULA">99.600</SimpleData>
		<SimpleData name="SITUACAO">Fazenda Palestina</SimpleData>
	</SchemaData></ExtendedData>
      <Polygon><outerBoundaryIs><LinearRing><coordinates>-47.3341312346348,-20.5283224041832 -47.3350207322374,-20.5288344980154 -47.3350208011193,-20.528626491352 -47.3354397289806,-20.5280423364486 -47.3357389632594,-20.527826279148 -47.3356363685942,-20.5275302006817 -47.3338919571715,-20.5270465140608 -47.3338759003745,-20.5270829349331 -47.3333858900288,-20.5282039560865 -47.3341312346348,-20.5283224041832</coordinates></LinearRing></outerBoundaryIs></Polygon>
  </Placemark>
  <Placemark id="REURB.73">
	<Style><LineStyle><color>ff0000ff</color></LineStyle><PolyStyle><fill>0</fill></PolyStyle></Style>
	<ExtendedData><SchemaData schemaUrl="#REURB">
		<SimpleData name="fid">73</SimpleData>
		<SimpleData name="NOME_LOTEAMENTO">Fazenda Palestina</SimpleData>
		<SimpleData name="MATRICULA">99.988</SimpleData>
		<SimpleData name="SITUACAO">Fazenda Palestina</SimpleData>
	</SchemaData></ExtendedData>
      <Polygon><outerBoundaryIs><LinearRing><coordinates>-47.3401052906262,-20.525019148236 -47.3375296100389,-20.5239117277455 -47.3374442432653,-20.5239557837136 -47.337311232836,-20.5240601309125 -47.3372184216647,-20.5241850044316 -47.3372445247867,-20.5242827315612 -47.3372181666766,-20.5243772034624 -47.3371662152906,-20.5244456100549 -47.3377097409791,-20.5245096554028 -47.3391557174758,-20.5252869898318 -47.34022198629,-20.5255964593154 -47.3402175652956,-20.5255838904131 -47.3401895791888,-20.5254961687047 -47.3401790560861,-20.5254639019052 -47.3401684651757,-20.5254233050059 -47.340155644598,-20.5253790616141 -47.3401473196066,-20.5253422500825 -47.3401274489087,-20.5252606703099 -47.3401234629603,-20.5252193559414 -47.340111950138,-20.5251404868918 -47.3401102413958,-20.5251093530507 -47.3401085932434,-20.5250956404712 -47.3401064928473,-20.5250410531468 -47.3401052906262,-20.525019148236</coordinates></LinearRing></outerBoundaryIs></Polygon>
  </Placemark>
  <Placemark id="REURB.74">
	<Style><LineStyle><color>ff0000ff</color></LineStyle><PolyStyle><fill>0</fill></PolyStyle></Style>
	<ExtendedData><SchemaData schemaUrl="#REURB">
		<SimpleData name="fid">74</SimpleData>
		<SimpleData name="NOME_LOTEAMENTO">Fazenda Palestina</SimpleData>
		<SimpleData name="MATRICULA">99.900</SimpleData>
		<SimpleData name="SITUACAO">Fazenda Palestina</SimpleData>
	</SchemaData></ExtendedData>
      <Polygon><outerBoundaryIs><LinearRing><coordinates>-47.3377097409791,-20.5245096554028 -47.3371662152906,-20.5244456100549 -47.3370937065189,-20.5245080468149 -47.3371401121696,-20.5247007864133 -47.3370869895654,-20.5247735490835 -47.3394874036087,-20.5261627912088 -47.3404414292316,-20.5262304175704 -47.3404249222144,-20.5261890186756 -47.3404210911716,-20.5261782028522 -47.3404139396212,-20.5261580125462 -47.3403841835959,-20.5260740050643 -47.340381759319,-20.5260551176267 -47.3403540853785,-20.5259559795481 -47.3403486980987,-20.5259358975372 -47.3403319694918,-20.5258882910405 -47.3403162387615,-20.5258401450787 -47.3403074591284,-20.5258185390489 -47.3403023504597,-20.5258052039848 -47.3402710238253,-20.525726390328 -47.3402573580873,-20.5256877610984 -47.34022198629,-20.5255964593154 -47.3391557174758,-20.5252869898318 -47.3377097409791,-20.5245096554028</coordinates></LinearRing></outerBoundaryIs></Polygon>
  </Placemark>
  <Placemark id="REURB.75">
	<Style><LineStyle><color>ff0000ff</color></LineStyle><PolyStyle><fill>0</fill></PolyStyle></Style>
	<ExtendedData><SchemaData schemaUrl="#REURB">
		<SimpleData name="fid">75</SimpleData>
		<SimpleData name="NOME_LOTEAMENTO">Fazenda Palestina</SimpleData>
		<SimpleData name="MATRICULA">97.316</SimpleData>
		<SimpleData name="SITUACAO">Fazenda Palestina</SimpleData>
	</SchemaData></ExtendedData>
      <Polygon><outerBoundaryIs><LinearRing><coordinates>-47.3368282724962,-20.5252387663105 -47.3348554202662,-20.524861136161 -47.3343472507734,-20.5260137930525 -47.3360841547034,-20.5270794765882 -47.3363630801929,-20.5267139842554 -47.3367050621521,-20.5264179057345 -47.3368333054513,-20.5260258017709 -47.3371239900134,-20.5256336978073 -47.3370960766171,-20.5253963838176 -47.3369030598606,-20.5252827828025 -47.3368282724962,-20.5252387663105</coordinates></LinearRing></outerBoundaryIs></Polygon>
  </Placemark>
  <Placemark id="REURB.76">
	<Style><LineStyle><color>ff0000ff</color></LineStyle><PolyStyle><fill>0</fill></PolyStyle></Style>
	<ExtendedData><SchemaData schemaUrl="#REURB">
		<SimpleData name="fid">76</SimpleData>
		<SimpleData name="NOME_LOTEAMENTO">Fazenda Palestina</SimpleData>
		<SimpleData name="MATRICULA">97.725</SimpleData>
		<SimpleData name="SITUACAO">Fazenda Palestina</SimpleData>
	</SchemaData></ExtendedData>
      <Polygon><outerBoundaryIs><LinearRing><coordinates>-47.3356363685942,-20.5275302006817 -47.3359783505534,-20.5272181179385 -47.3360841547034,-20.5270794765882 -47.3343472507734,-20.5260137930525 -47.3338919571715,-20.5270465140608 -47.3356363685942,-20.5275302006817</coordinates></LinearRing></outerBoundaryIs></Polygon>
  </Placemark>
  <Placemark id="REURB.77">
	<Style><LineStyle><color>ff0000ff</color></LineStyle><PolyStyle><fill>0</fill></PolyStyle></Style>
	<ExtendedData><SchemaData schemaUrl="#REURB">
		<SimpleData name="fid">77</SimpleData>
		<SimpleData name="NOME_LOTEAMENTO">Fazenda Palestina</SimpleData>
		<SimpleData name="MATRICULA">94.262</SimpleData>
		<SimpleData name="SITUACAO">Fazenda Palestina</SimpleData>
	</SchemaData></ExtendedData>
      <Polygon><outerBoundaryIs><LinearRing><coordinates>-47.3367055070059,-20.5305486617086 -47.3356789041712,-20.5320379776974 -47.3367473042913,-20.5326175179631 -47.3369184387398,-20.5323616402067 -47.3377529061173,-20.531113985357 -47.3367055070059,-20.5305486617086</coordinates></LinearRing></outerBoundaryIs></Polygon>
  </Placemark>
  <Placemark id="REURB.78">
	<Style><LineStyle><color>ff0000ff</color></LineStyle><PolyStyle><fill>0</fill></PolyStyle></Style>
	<ExtendedData><SchemaData schemaUrl="#REURB">
		<SimpleData name="fid">78</SimpleData>
		<SimpleData name="NOME_LOTEAMENTO">Fazenda Palestina</SimpleData>
		<SimpleData name="MATRICULA">101.706</SimpleData>
		<SimpleData name="SITUACAO">Fazenda Palestina</SimpleData>
	</SchemaData></ExtendedData>
      <Polygon><outerBoundaryIs><LinearRing><coordinates>-47.3487225603793,-20.5342866804623 -47.3475926608949,-20.5364114801835 -47.3484128686536,-20.5367942091449 -47.3497698591865,-20.5342403247279 -47.3495020459374,-20.5341155675209 -47.3489325835069,-20.5338503047852 -47.3489161090786,-20.5339878021847 -47.348864735822,-20.5341175289413 -47.3487814920887,-20.5342318379198 -47.3487225603793,-20.5342866804623</coordinates></LinearRing></outerBoundaryIs></Polygon>
  </Placemark>
  <Placemark id="REURB.79">
	<Style><LineStyle><color>ff0000ff</color></LineStyle><PolyStyle><fill>0</fill></PolyStyle></Style>
	<ExtendedData><SchemaData schemaUrl="#REURB">
		<SimpleData name="fid">79</SimpleData>
		<SimpleData name="NOME_LOTEAMENTO">Fazenda Palestina</SimpleData>
		<SimpleData name="MATRICULA">116.075</SimpleData>
		<SimpleData name="SITUACAO">Fazenda Palestina</SimpleData>
	</SchemaData></ExtendedData>
      <Polygon><outerBoundaryIs><LinearRing><coordinates>-47.3475926608949,-20.5364114801835 -47.3487225603793,-20.5342866804623 -47.3486712849318,-20.5343239908322 -47.3485406108449,-20.5343885554468 -47.3483971728065,-20.5344217258075 -47.3482494262048,-20.5344215465871 -47.3481060804092,-20.5343880283502 -47.3479755853792,-20.5343231469394 -47.3473058959655,-20.5328861098777 -47.3471078257202,-20.5332362435245 -47.3477350632443,-20.5340547945813 -47.3466828099886,-20.5359871778427 -47.3475926608949,-20.5364114801835</coordinates></LinearRing></outerBoundaryIs></Polygon>
  </Placemark>
  <Placemark id="REURB.80">
	<Style><LineStyle><color>ff0000ff</color></LineStyle><PolyStyle><fill>0</fill></PolyStyle></Style>
	<ExtendedData><SchemaData schemaUrl="#REURB">
		<SimpleData name="fid">80</SimpleData>
		<SimpleData name="NOME_LOTEAMENTO">Fazenda Palestina</SimpleData>
		<SimpleData name="MATRICULA">120.499</SimpleData>
		<SimpleData name="SITUACAO">Fazenda Palestina</SimpleData>
	</SchemaData></ExtendedData>
      <Polygon><outerBoundaryIs><LinearRing><coordinates>-47.3442002548019,-20.5325374498222 -47.3448790872206,-20.5309045353786 -47.3457048097145,-20.529733164516 -47.3447047000021,-20.5291465659584 -47.343390748003,-20.5311111605699 -47.3421261126897,-20.5303694086982 -47.3417797563941,-20.5308872690016 -47.3429008109925,-20.5315448058684 -47.3427947599664,-20.5316715306725 -47.3427264750706,-20.531819291181 -47.3427004168443,-20.5319784353106 -47.3427182874754,-20.5321385673712 -47.3427789196102,-20.5322892271388 -47.342878352607,-20.5324205731432 -47.3430100912554,-20.532524025537 -47.3431655300595,-20.5325928265528 -47.3433345153707,-20.5326224819375 -47.3435717673665,-20.53260032712 -47.3437414920171,-20.5325840572481 -47.3441482480092,-20.5325436353938 -47.3442002548019,-20.5325374498222</coordinates></LinearRing></outerBoundaryIs></Polygon>
  </Placemark>
  <Placemark id="REURB.81">
	<Style><LineStyle><color>ff0000ff</color></LineStyle><PolyStyle><fill>0</fill></PolyStyle></Style>
	<ExtendedData><SchemaData schemaUrl="#REURB">
		<SimpleData name="fid">81</SimpleData>
		<SimpleData name="NOME_LOTEAMENTO">Fazenda Palestina</SimpleData>
		<SimpleData name="MATRICULA">120.498</SimpleData>
		<SimpleData name="SITUACAO">Fazenda Palestina</SimpleData>
	</SchemaData></ExtendedData>
      <Polygon><outerBoundaryIs><LinearRing><coordinates>-47.3448790872206,-20.5309045353786 -47.3442002548019,-20.5325374498222 -47.3445547721624,-20.5325012174759 -47.3449610533075,-20.5324568046601 -47.3453670802818,-20.5324103981665 -47.3454543712778,-20.5323936946131 -47.3452990109322,-20.5311502578354 -47.3453689517674,-20.5310298615454 -47.3461261141731,-20.5299802739927 -47.3457318515248,-20.5297490254627 -47.3457152030293,-20.5297392605507 -47.3457048097145,-20.529733164516 -47.3448790872206,-20.5309045353786</coordinates></LinearRing></outerBoundaryIs></Polygon>
  </Placemark>
  <Placemark id="REURB.82">
	<Style><LineStyle><color>ff0000ff</color></LineStyle><PolyStyle><fill>0</fill></PolyStyle></Style>
	<ExtendedData><SchemaData schemaUrl="#REURB">
		<SimpleData name="fid">82</SimpleData>
		<SimpleData name="NOME_LOTEAMENTO">Fazenda Palestina</SimpleData>
		<SimpleData name="MATRICULA">106.202</SimpleData>
		<SimpleData name="SITUACAO">Fazenda Palestina</SimpleData>
	</SchemaData></ExtendedData>
      <Polygon><outerBoundaryIs><LinearRing><coordinates>-47.344780131275,-20.5264011688008 -47.3437890506846,-20.5264272062548 -47.3433128287325,-20.5264572693385 -47.3427303865556,-20.5273030230368 -47.3437693778645,-20.5279124269811 -47.3438787498025,-20.5277489092211 -47.344780131275,-20.5264011688008</coordinates></LinearRing></outerBoundaryIs></Polygon>
  </Placemark>
  <Placemark id="REURB.83">
	<Style><LineStyle><color>ff0000ff</color></LineStyle><PolyStyle><fill>0</fill></PolyStyle></Style>
	<ExtendedData><SchemaData schemaUrl="#REURB">
		<SimpleData name="fid">83</SimpleData>
		<SimpleData name="NOME_LOTEAMENTO">Fazenda Palestina</SimpleData>
		<SimpleData name="MATRICULA">100.624</SimpleData>
		<SimpleData name="SITUACAO">Fazenda Palestina</SimpleData>
	</SchemaData></ExtendedData>
      <Polygon><outerBoundaryIs><LinearRing><coordinates>-47.3408862536711,-20.5278775724556 -47.3401904098222,-20.5274694362348 -47.3396954768811,-20.5282086729526 -47.3389963842615,-20.5292547260337 -47.3396922248494,-20.529662860341 -47.3408862536711,-20.5278775724556</coordinates></LinearRing></outerBoundaryIs></Polygon>
  </Placemark>
  <Placemark id="REURB.84">
	<Style><LineStyle><color>ff0000ff</color></LineStyle><PolyStyle><fill>0</fill></PolyStyle></Style>
	<ExtendedData><SchemaData schemaUrl="#REURB">
		<SimpleData name="fid">84</SimpleData>
		<SimpleData name="NOME_LOTEAMENTO">Fazenda Palestina</SimpleData>
		<SimpleData name="MATRICULA">106.200</SimpleData>
		<SimpleData name="SITUACAO">Fazenda Palestina</SimpleData>
	</SchemaData></ExtendedData>
      <Polygon><outerBoundaryIs><LinearRing><coordinates>-47.3408862536711,-20.5278775724556 -47.3396922248494,-20.529662860341 -47.3403880686973,-20.5300709965609 -47.341582097519,-20.5282857086755 -47.3413990645149,-20.5281783540642 -47.3412182128851,-20.5280722778901 -47.3408862536711,-20.5278775724556</coordinates></LinearRing></outerBoundaryIs></Polygon>
  </Placemark>
  <Placemark id="REURB.85">
	<Style><LineStyle><color>ff0000ff</color></LineStyle><PolyStyle><fill>0</fill></PolyStyle></Style>
	<ExtendedData><SchemaData schemaUrl="#REURB">
		<SimpleData name="fid">85</SimpleData>
		<SimpleData name="NOME_LOTEAMENTO">Fazenda Palestina</SimpleData>
		<SimpleData name="MATRICULA">106.206</SimpleData>
		<SimpleData name="SITUACAO">Fazenda Palestina</SimpleData>
	</SchemaData></ExtendedData>
      <Polygon><outerBoundaryIs><LinearRing><coordinates>-47.3411314199567,-20.5304008104459 -47.3412514695271,-20.5305774106823 -47.3417797563941,-20.5308872690016 -47.3421261126897,-20.5303694086982 -47.3429737852138,-20.5291019811142 -47.3422744393438,-20.528691790839 -47.3411314199567,-20.5304008104459</coordinates></LinearRing></outerBoundaryIs></Polygon>
  </Placemark>
  <Placemark id="REURB.86">
	<Style><LineStyle><color>ff0000ff</color></LineStyle><PolyStyle><fill>0</fill></PolyStyle></Style>
	<ExtendedData><SchemaData schemaUrl="#REURB">
		<SimpleData name="fid">86</SimpleData>
		<SimpleData name="NOME_LOTEAMENTO">Fazenda Palestina</SimpleData>
		<SimpleData name="MATRICULA">106.203</SimpleData>
		<SimpleData name="SITUACAO">Fazenda Palestina</SimpleData>
	</SchemaData></ExtendedData>
      <Polygon><outerBoundaryIs><LinearRing><coordinates>-47.3412514695271,-20.5305774106823 -47.3411314199567,-20.5304008104459 -47.3422744393438,-20.528691790839 -47.3420336687933,-20.528550571262 -47.3419179659681,-20.5284827070101 -47.341751834401,-20.5283852656418 -47.341582097519,-20.5282857086755 -47.3403880686973,-20.5300709965609 -47.3411653013641,-20.5305268904332 -47.3412514695271,-20.5305774106823</coordinates></LinearRing></outerBoundaryIs></Polygon>
  </Placemark>
  <Placemark id="REURB.87">
	<Style><LineStyle><color>ff0000ff</color></LineStyle><PolyStyle><fill>0</fill></PolyStyle></Style>
	<ExtendedData><SchemaData schemaUrl="#REURB">
		<SimpleData name="fid">87</SimpleData>
		<SimpleData name="NOME_LOTEAMENTO">Fazenda Palestina</SimpleData>
		<SimpleData name="MATRICULA">106.628</SimpleData>
		<SimpleData name="SITUACAO">Fazenda Palestina</SimpleData>
	</SchemaData></ExtendedData>
      <Polygon><outerBoundaryIs><LinearRing><coordinates>-47.3553411598562,-20.5308040742177 -47.3531147487668,-20.5298517398297 -47.3529860967355,-20.5302511893282 -47.3528588597832,-20.5306572084383 -47.3550872642561,-20.531731282709 -47.3551041644617,-20.5315860224301 -47.3551503940918,-20.53134402315 -47.355218632015,-20.5311066324441 -47.3552310661214,-20.5310705966337 -47.3552440083478,-20.5310347180657 -47.3552574564282,-20.5309990030219 -47.3552714080076,-20.5309634577567 -47.3552858606428,-20.5309280884947 -47.3553008118029,-20.5308929014297 -47.3553162588698,-20.5308579027235 -47.3553321991382,-20.530823098505 -47.3553411598562,-20.5308040742177</coordinates></LinearRing></outerBoundaryIs></Polygon>
  </Placemark>
  <Placemark id="REURB.88">
	<Style><LineStyle><color>ff0000ff</color></LineStyle><PolyStyle><fill>0</fill></PolyStyle></Style>
	<ExtendedData><SchemaData schemaUrl="#REURB">
		<SimpleData name="fid">88</SimpleData>
		<SimpleData name="NOME_LOTEAMENTO">Fazenda Palestina</SimpleData>
		<SimpleData name="MATRICULA">106.627</SimpleData>
		<SimpleData name="SITUACAO">Fazenda Palestina</SimpleData>
	</SchemaData></ExtendedData>
      <Polygon><outerBoundaryIs><LinearRing><coordinates>-47.3550872642561,-20.531731282709 -47.3528588597832,-20.5306572084383 -47.3525402268001,-20.5316739849749 -47.3524635556808,-20.5319186452836 -47.3554246989858,-20.5333344130982 -47.3554091225878,-20.5332680957049 -47.3554046044365,-20.5332580994616 -47.3552964821141,-20.5330340778308 -47.3552092899967,-20.5328021926518 -47.3551436715374,-20.5325641551712 -47.3551001109818,-20.5323217220379 -47.3550789297944,-20.5320766823393 -47.3550802842863,-20.5318308443987 -47.3550872642561,-20.531731282709</coordinates></LinearRing></outerBoundaryIs></Polygon>
  </Placemark>
  <Placemark id="REURB.89">
	<Style><LineStyle><color>ff0000ff</color></LineStyle><PolyStyle><fill>0</fill></PolyStyle></Style>
	<ExtendedData><SchemaData schemaUrl="#REURB">
		<SimpleData name="fid">89</SimpleData>
		<SimpleData name="NOME_LOTEAMENTO">Fazenda Palestina</SimpleData>
		<SimpleData name="MATRICULA">106.626</SimpleData>
		<SimpleData name="SITUACAO">Fazenda Palestina</SimpleData>
	</SchemaData></ExtendedData>
      <Polygon><outerBoundaryIs><LinearRing><coordinates>-47.3555972179114,-20.5345424480489 -47.3555852694356,-20.5343458628704 -47.3555580099756,-20.5340764045862 -47.3555199540606,-20.5338080962801 -47.3554711554794,-20.5335413171817 -47.3554246989858,-20.5333344130982 -47.3524635556808,-20.5319186452836 -47.3522840618579,-20.5324883638039 -47.3522080403644,-20.5327296589574 -47.3521608257022,-20.5328795188777 -47.3521553665535,-20.5328968463759 -47.3555972179114,-20.5345424480489</coordinates></LinearRing></outerBoundaryIs></Polygon>
  </Placemark>
  <Placemark id="REURB.90">
	<Style><LineStyle><color>ff0000ff</color></LineStyle><PolyStyle><fill>0</fill></PolyStyle></Style>
	<ExtendedData><SchemaData schemaUrl="#REURB">
		<SimpleData name="fid">90</SimpleData>
		<SimpleData name="NOME_LOTEAMENTO">Fazenda Palestina</SimpleData>
		<SimpleData name="MATRICULA">106.625</SimpleData>
		<SimpleData name="SITUACAO">Fazenda Palestina</SimpleData>
	</SchemaData></ExtendedData>
      <Polygon><outerBoundaryIs><LinearRing><coordinates>-47.3556045984281,-20.5350226203054 -47.35560726019,-20.5348867048665 -47.3556016939119,-20.5346160902778 -47.3555972179114,-20.5345424480489 -47.3521553665535,-20.5328968463759 -47.3520353856737,-20.5332776691865 -47.3520303150943,-20.5332937632792 -47.3520248559445,-20.5333110907763 -47.3556045984281,-20.5350226203054</coordinates></LinearRing></outerBoundaryIs></Polygon>
  </Placemark>
  <Placemark id="REURB.91">
	<Style><LineStyle><color>ff0000ff</color></LineStyle><PolyStyle><fill>0</fill></PolyStyle></Style>
	<ExtendedData><SchemaData schemaUrl="#REURB">
		<SimpleData name="fid">91</SimpleData>
		<SimpleData name="NOME_LOTEAMENTO">Fazenda Palestina</SimpleData>
		<SimpleData name="MATRICULA">106.393</SimpleData>
		<SimpleData name="SITUACAO">Fazenda Palestina</SimpleData>
	</SchemaData></ExtendedData>
      <Polygon><outerBoundaryIs><LinearRing><coordinates>-47.3555588079499,-20.5356970473442 -47.3555858020399,-20.5354275656241 -47.3556019604024,-20.5351573241472 -47.3556045984281,-20.5350226203054 -47.3520248559445,-20.5333110907763 -47.3520188405408,-20.533330183926 -47.3517650109001,-20.5341358463648 -47.3517589661637,-20.5341550326261 -47.3517529164272,-20.5341742345715 -47.3554308481099,-20.5359327098352 -47.3555508446412,-20.5357229997678 -47.3555545271004,-20.5357146451119 -47.3555571926014,-20.5357059582443 -47.3555588079499,-20.5356970473442</coordinates></LinearRing></outerBoundaryIs></Polygon>
  </Placemark>
  <Placemark id="REURB.92">
	<Style><LineStyle><color>ff0000ff</color></LineStyle><PolyStyle><fill>0</fill></PolyStyle></Style>
	<ExtendedData><SchemaData schemaUrl="#REURB">
		<SimpleData name="fid">92</SimpleData>
		<SimpleData name="NOME_LOTEAMENTO">Fazenda Palestina</SimpleData>
		<SimpleData name="MATRICULA">94.263</SimpleData>
		<SimpleData name="SITUACAO">Fazenda Palestina</SimpleData>
	</SchemaData></ExtendedData>
      <Polygon><outerBoundaryIs><LinearRing><coordinates>-47.3396954768811,-20.5282086729526 -47.3387124711093,-20.5276144376216 -47.3367055070059,-20.5305486617086 -47.3377529061173,-20.531113985357 -47.337962442419,-20.5308018143837 -47.3389963842615,-20.5292547260337 -47.3396954768811,-20.5282086729526</coordinates></LinearRing></outerBoundaryIs></Polygon>
  </Placemark>
  <Placemark id="REURB.93">
	<Style><LineStyle><color>ff0000ff</color></LineStyle><PolyStyle><fill>0</fill></PolyStyle></Style>
	<ExtendedData><SchemaData schemaUrl="#REURB">
		<SimpleData name="fid">93</SimpleData>
		<SimpleData name="NOME_LOTEAMENTO">Fazenda Palestina</SimpleData>
		<SimpleData name="MATRICULA">116.076</SimpleData>
		<SimpleData name="SITUACAO">Fazenda Palestina</SimpleData>
	</SchemaData></ExtendedData>
      <Polygon><outerBoundaryIs><LinearRing><coordinates>-47.3466828099886,-20.5359871778427 -47.3477350632443,-20.5340547945813 -47.3471078257202,-20.5332362435245 -47.3458309601845,-20.5355885703551 -47.3458693758263,-20.5356078324424 -47.3466828099886,-20.5359871778427</coordinates></LinearRing></outerBoundaryIs></Polygon>
  </Placemark>
  <Placemark id="REURB.94">
	<Style><LineStyle><color>ff0000ff</color></LineStyle><PolyStyle><fill>0</fill></PolyStyle></Style>
	<ExtendedData><SchemaData schemaUrl="#REURB">
		<SimpleData name="fid">94</SimpleData>
		<SimpleData name="NOME_LOTEAMENTO">Fazenda Palestina</SimpleData>
		<SimpleData name="MATRICULA">101.219</SimpleData>
		<SimpleData name="SITUACAO">Fazenda Palestina</SimpleData>
	</SchemaData></ExtendedData>
      <Polygon><outerBoundaryIs><LinearRing><coordinates>-47.3466828099886,-20.5359871778427 -47.3477350632443,-20.5340547945813 -47.3471078257202,-20.5332362435245 -47.3458309601845,-20.5355885703551 -47.3458693758263,-20.5356078324424 -47.3466828099886,-20.5359871778427</coordinates></LinearRing></outerBoundaryIs></Polygon>
  </Placemark>
  <Placemark id="REURB.95">
	<Style><LineStyle><color>ff0000ff</color></LineStyle><PolyStyle><fill>0</fill></PolyStyle></Style>
	<ExtendedData><SchemaData schemaUrl="#REURB">
		<SimpleData name="fid">95</SimpleData>
		<SimpleData name="NOME_LOTEAMENTO">Fazenda Palestina</SimpleData>
		<SimpleData name="SITUACAO">Fazenda Palestina</SimpleData>
	</SchemaData></ExtendedData>
      <Polygon><outerBoundaryIs><LinearRing><coordinates>-47.3484128686536,-20.5367942091449 -47.3490265036991,-20.5370801475749 -47.3503844037476,-20.5345265880018 -47.3497698591865,-20.5342403247279 -47.3484128686536,-20.5367942091449</coordinates></LinearRing></outerBoundaryIs></Polygon>
  </Placemark>
  <Placemark id="REURB.96">
	<Style><LineStyle><color>ff0000ff</color></LineStyle><PolyStyle><fill>0</fill></PolyStyle></Style>
	<ExtendedData><SchemaData schemaUrl="#REURB">
		<SimpleData name="fid">96</SimpleData>
		<SimpleData name="NOME_LOTEAMENTO">Fazenda Palestina</SimpleData>
		<SimpleData name="MATRICULA">101.919</SimpleData>
		<SimpleData name="SITUACAO">Fazenda Palestina</SimpleData>
	</SchemaData></ExtendedData>
      <Polygon><outerBoundaryIs><LinearRing><coordinates>-47.3464623407651,-20.5292642736987 -47.3468088988567,-20.5287461070078 -47.3471565281464,-20.5282263386831 -47.3478993207339,-20.5271157301404 -47.3479943070822,-20.5269737084597 -47.3473755299011,-20.5267424607643 -47.3459068221689,-20.5289384430391 -47.3461562639487,-20.5290847670303 -47.3464623407651,-20.5292642736987</coordinates></LinearRing></outerBoundaryIs></Polygon>
  </Placemark>
  <Placemark id="REURB.97">
	<Style><LineStyle><color>ff0000ff</color></LineStyle><PolyStyle><fill>0</fill></PolyStyle></Style>
	<ExtendedData><SchemaData schemaUrl="#REURB">
		<SimpleData name="fid">97</SimpleData>
		<SimpleData name="NOME_LOTEAMENTO">Fazenda Palestina</SimpleData>
		<SimpleData name="MATRICULA">101.918</SimpleData>
		<SimpleData name="SITUACAO">Fazenda Palestina</SimpleData>
	</SchemaData></ExtendedData>
      <Polygon><outerBoundaryIs><LinearRing><coordinates>-47.3459068221689,-20.5289384430391 -47.3473755299011,-20.5267424607643 -47.3468903333816,-20.5265611323534 -47.3466815564996,-20.5265580181761 -47.3453201111346,-20.5285943169476 -47.3459068221689,-20.5289384430391</coordinates></LinearRing></outerBoundaryIs></Polygon>
  </Placemark>
  <Placemark id="REURB.98">
	<Style><LineStyle><color>ff0000ff</color></LineStyle><PolyStyle><fill>0</fill></PolyStyle></Style>
	<ExtendedData><SchemaData schemaUrl="#REURB">
		<SimpleData name="fid">98</SimpleData>
		<SimpleData name="NOME_LOTEAMENTO">Fazenda Palestina</SimpleData>
		<SimpleData name="MATRICULA">101.917</SimpleData>
		<SimpleData name="SITUACAO">Fazenda Palestina</SimpleData>
	</SchemaData></ExtendedData>
      <Polygon><outerBoundaryIs><LinearRing><coordinates>-47.3453201111346,-20.5285943169476 -47.3466815564996,-20.5265580181761 -47.3467296299863,-20.5264861141165 -47.3459029234795,-20.5264500948192 -47.3446856748543,-20.5282221983667 -47.3453201111346,-20.5285943169476</coordinates></LinearRing></outerBoundaryIs></Polygon>
  </Placemark>
  <Placemark id="REURB.99">
	<Style><LineStyle><color>ff0000ff</color></LineStyle><PolyStyle><fill>0</fill></PolyStyle></Style>
	<ExtendedData><SchemaData schemaUrl="#REURB">
		<SimpleData name="fid">99</SimpleData>
		<SimpleData name="NOME_LOTEAMENTO">Fazenda Palestina</SimpleData>
		<SimpleData name="MATRICULA">101.027</SimpleData>
		<SimpleData name="SITUACAO">Fazenda Palestina</SimpleData>
	</SchemaData></ExtendedData>
      <Polygon><outerBoundaryIs><LinearRing><coordinates>-47.3446856748543,-20.5282221983667 -47.3459029234795,-20.5264500948192 -47.344780131275,-20.5264011688008 -47.3438787498025,-20.5277489092211 -47.3446856748543,-20.5282221983667</coordinates></LinearRing></outerBoundaryIs></Polygon>
  </Placemark>
  <Placemark id="REURB.100">
	<Style><LineStyle><color>ff0000ff</color></LineStyle><PolyStyle><fill>0</fill></PolyStyle></Style>
	<ExtendedData><SchemaData schemaUrl="#REURB">
		<SimpleData name="fid">100</SimpleData>
		<SimpleData name="NOME_LOTEAMENTO">Fazenda Palestina</SimpleData>
		<SimpleData name="MATRICULA">118.438</SimpleData>
		<SimpleData name="SITUACAO">Fazenda Palestina</SimpleData>
	</SchemaData></ExtendedData>
      <Polygon><outerBoundaryIs><LinearRing><coordinates>-47.3421261126897,-20.5303694086982 -47.343390748003,-20.5311111605699 -47.3447047000021,-20.5291465659584 -47.343440063588,-20.5284048134415 -47.3429737852138,-20.5291019811142 -47.3421261126897,-20.5303694086982</coordinates></LinearRing></outerBoundaryIs></Polygon>
  </Placemark>
  <Placemark id="REURB.101">
	<Style><LineStyle><color>ff0000ff</color></LineStyle><PolyStyle><fill>0</fill></PolyStyle></Style>
	<ExtendedData><SchemaData schemaUrl="#REURB">
		<SimpleData name="fid">101</SimpleData>
		<SimpleData name="NOME_LOTEAMENTO">Fazenda Palestina</SimpleData>
		<SimpleData name="MATRICULA">116.534</SimpleData>
		<SimpleData name="SITUACAO">Fazenda Palestina</SimpleData>
	</SchemaData></ExtendedData>
      <Polygon><outerBoundaryIs><LinearRing><coordinates>-47.3447047000021,-20.5291465659584 -47.3457048097145,-20.529733164516 -47.3457152030293,-20.5297392605507 -47.3461562639487,-20.5290847670303 -47.3459068221689,-20.5289384430391 -47.3453201111346,-20.5285943169476 -47.3446856748543,-20.5282221983667 -47.3438787498025,-20.5277489092211 -47.3437693778645,-20.5279124269811 -47.3437607587548,-20.5279253140982 -47.343440063588,-20.5284048134415 -47.3447047000021,-20.5291465659584</coordinates></LinearRing></outerBoundaryIs></Polygon>
  </Placemark>
  <Placemark id="REURB.102">
	<Style><LineStyle><color>ff0000ff</color></LineStyle><PolyStyle><fill>0</fill></PolyStyle></Style>
	<ExtendedData><SchemaData schemaUrl="#REURB">
		<SimpleData name="fid">102</SimpleData>
		<SimpleData name="NOME_LOTEAMENTO">Fazenda Palestina</SimpleData>
		<SimpleData name="MATRICULA">100.625</SimpleData>
		<SimpleData name="SITUACAO">Fazenda Palestina</SimpleData>
	</SchemaData></ExtendedData>
      <Polygon><outerBoundaryIs><LinearRing><coordinates>-47.3437693778645,-20.5279124269811 -47.3427303865556,-20.5273030230368 -47.3419179659681,-20.5284827070101 -47.3420336687933,-20.528550571262 -47.3422744393438,-20.528691790839 -47.3429737852138,-20.5291019811142 -47.343440063588,-20.5284048134415 -47.3437607587548,-20.5279253140982 -47.3437693778645,-20.5279124269811</coordinates></LinearRing></outerBoundaryIs></Polygon>
  </Placemark>
  <Placemark id="REURB.103">
	<Style><LineStyle><color>ff0000ff</color></LineStyle><PolyStyle><fill>0</fill></PolyStyle></Style>
	<ExtendedData><SchemaData schemaUrl="#REURB">
		<SimpleData name="fid">103</SimpleData>
		<SimpleData name="NOME_LOTEAMENTO">Fazenda Palestina</SimpleData>
		<SimpleData name="MATRICULA">100.626</SimpleData>
		<SimpleData name="SITUACAO">Fazenda Palestina</SimpleData>
	</SchemaData></ExtendedData>
      <Polygon><outerBoundaryIs><LinearRing><coordinates>-47.3419179659681,-20.5284827070101 -47.3427303865556,-20.5273030230368 -47.3433128287325,-20.5264572693385 -47.3427406645473,-20.5264933843958 -47.342266825629,-20.5265232971329 -47.3412182128851,-20.5280722778901 -47.3413990645149,-20.5281783540642 -47.341582097519,-20.5282857086755 -47.341751834401,-20.5283852656418 -47.3419179659681,-20.5284827070101</coordinates></LinearRing></outerBoundaryIs></Polygon>
  </Placemark>
  <Placemark id="REURB.104">
	<Style><LineStyle><color>ff0000ff</color></LineStyle><PolyStyle><fill>0</fill></PolyStyle></Style>
	<ExtendedData><SchemaData schemaUrl="#REURB">
		<SimpleData name="fid">104</SimpleData>
		<SimpleData name="NOME_LOTEAMENTO">Fazenda Palestina</SimpleData>
		<SimpleData name="MATRICULA">106.632</SimpleData>
		<SimpleData name="SITUACAO">Fazenda Palestina</SimpleData>
	</SchemaData></ExtendedData>
      <Polygon><outerBoundaryIs><LinearRing><coordinates>-47.3554308481099,-20.5359327098352 -47.3517529164272,-20.5341742345715 -47.3516169469554,-20.5346058066026 -47.3551802128405,-20.5362641174064 -47.3552881350347,-20.5361366602956 -47.3554308481099,-20.5359327098352</coordinates></LinearRing></outerBoundaryIs></Polygon>
  </Placemark>
  <Placemark id="REURB.105">
	<Style><LineStyle><color>ff0000ff</color></LineStyle><PolyStyle><fill>0</fill></PolyStyle></Style>
	<ExtendedData><SchemaData schemaUrl="#REURB">
		<SimpleData name="fid">105</SimpleData>
		<SimpleData name="NOME_LOTEAMENTO">Fazenda Palestina</SimpleData>
		<SimpleData name="MATRICULA">69.667</SimpleData>
		<SimpleData name="SITUACAO">Fazenda Palestina</SimpleData>
	</SchemaData></ExtendedData>
      <Polygon><outerBoundaryIs><LinearRing><coordinates>-47.3595586073639,-20.5311465203535 -47.3593708220023,-20.531139338303 -47.3592998593918,-20.5310872594693 -47.3591840113252,-20.5310576491381 -47.3590381316713,-20.5309785715643 -47.3588815245971,-20.5308979308156 -47.3588288350221,-20.530843438375 -47.3586494623306,-20.530785725992 -47.3585811722056,-20.5306984149768 -47.3585464058695,-20.5306924898508 -47.358462052963,-20.5306966817155 -47.3582836893005,-20.5306507637889 -47.3582240970059,-20.5306632844873 -47.3581206772943,-20.5306190404268 -47.3580601566929,-20.5305566862151 -47.3577185365872,-20.5305048088288 -47.3575769123134,-20.5304132145082 -47.3572977221327,-20.5302883652436 -47.3572523289986,-20.5301668185056 -47.357143085747,-20.5301510247681 -47.3572568448137,-20.5305692657812 -47.3573184228859,-20.5308076866108 -47.3573283775908,-20.5308304001295 -47.3573388810081,-20.5308435271334 -47.3573519933406,-20.5308544030955 -47.3573671767636,-20.5308625819198 -47.3589631838027,-20.5315310323097 -47.3584357105789,-20.5322999196575 -47.3595036765337,-20.533086987692 -47.3599737113096,-20.5337117359685 -47.3601515989271,-20.5337554921906 -47.360218953517,-20.533772059856 -47.3603341512678,-20.533800395827 -47.3604493490185,-20.5338287317979 -47.3605645467693,-20.5338570677689 -47.3606775621569,-20.5338848669285 -47.3609598999804,-20.5339543154752 -47.3609931408285,-20.5338835724642 -47.3610523645873,-20.5334290701244 -47.3611528052607,-20.5331258038357 -47.3611643221261,-20.5323715584254 -47.3610118184367,-20.5321732808876 -47.3608959924727,-20.532066463033 -47.3608920159373,-20.5320577733282 -47.3608126649319,-20.5319971640769 -47.3606466229556,-20.5319237452504 -47.3605916818044,-20.5319137317515 -47.3605388615361,-20.5318803309236 -47.3605424700162,-20.5318170533858 -47.3604922693796,-20.5317798638609 -47.3604384862093,-20.5317482079934 -47.3603753017723,-20.5316506593983 -47.3603727201664,-20.5316114119082 -47.3603712627722,-20.5315892555096 -47.3603525597509,-20.5315752792257 -47.3601940205734,-20.5314568068055 -47.3600527295992,-20.5312958195845 -47.3599438101988,-20.5312678021259 -47.3597296404198,-20.5312001446385 -47.3596241017482,-20.5311396280808 -47.3595974374136,-20.5311438101427 -47.3595759326234,-20.5311471829764 -47.3595586073639,-20.5311465203535</coordinates></LinearRing></outerBoundaryIs></Polygon>
  </Placemark>
  <Placemark id="REURB.106">
	<Style><LineStyle><color>ff0000ff</color></LineStyle><PolyStyle><fill>0</fill></PolyStyle></Style>
	<ExtendedData><SchemaData schemaUrl="#REURB">
		<SimpleData name="fid">106</SimpleData>
		<SimpleData name="PROCESSO">2025RT0018
2025RD0031</SimpleData>
		<SimpleData name="MODALIDADE">Reurb-E - Técnico</SimpleData>
		<SimpleData name="NOME_LOTEAMENTO">Condomínio 718 (REURB)</SimpleData>
		<SimpleData name="OBSERVACAO">Sem lapso temporal de REURB e possui no processo o mapa</SimpleData>
		<SimpleData name="MATRICULA">91064 – 2º RI</SimpleData>
		<SimpleData name="QUANT_LOTES">28</SimpleData>
		<SimpleData name="AREA_M2">49050</SimpleData>
		<SimpleData name="SITUACAO">Em regularização</SimpleData>
	</SchemaData></ExtendedData>
      <Polygon><outerBoundaryIs><LinearRing><coordinates>-47.46716049386,-20.4925969097889 -47.4673473763585,-20.4923364144982 -47.467217938953,-20.4918483170269 -47.4670733920188,-20.491320049063 -47.467015785984,-20.4911100436896 -47.4669602236817,-20.4909048939954 -47.4669047558478,-20.4907007213563 -47.4668502629149,-20.4904996931427 -47.4667964314908,-20.4903024647741 -47.4667084720527,-20.489989827875 -47.466613015856,-20.4896591272956 -47.4665710980901,-20.4895139058859 -47.4665098004478,-20.4893160566172 -47.4663983517244,-20.4889595526014 -47.4661988528305,-20.4883284291197 -47.4670284764808,-20.4884052255123 -47.4671147072662,-20.4883173380043 -47.4675781917557,-20.4878710048991 -47.4677564706313,-20.4876677643608 -47.467885622232,-20.4874405134306 -47.4679662015838,-20.4872936053395 -47.4680737056143,-20.4870976091321 -47.46814196082,-20.4869731692438 -47.4681468242374,-20.4869536014703 -47.4681560398868,-20.4869213446569 -47.4681519350041,-20.4868873842958 -47.4681884845408,-20.4866106618809 -47.4682271160828,-20.4864878657464 -47.468301509327,-20.4863755360704 -47.4685017709215,-20.4861046540493 -47.4683928528499,-20.4860681734061 -47.4684251055304,-20.4857878115992 -47.468451307675,-20.4856034451283 -47.4684633134711,-20.4853787551633 -47.468437020821,-20.4851806777824 -47.4683885807449,-20.4846223897672 -47.4683637849913,-20.4843347223546 -47.468302602326,-20.4840072509117 -47.4678516513802,-20.4840918438186 -47.4678936236431,-20.484223179008 -47.4679990259513,-20.4845529915877 -47.4679660351781,-20.4845564803668 -47.4678396829689,-20.4845943847878 -47.4678510383716,-20.4846289000901 -47.4678594043826,-20.484678244324 -47.4679177023959,-20.484698791428 -47.4679728579585,-20.4852321516213 -47.4679878977444,-20.4853910479518 -47.4679411769043,-20.485850134823 -47.4679076958069,-20.486145255993 -47.4677681759177,-20.4864311127799 -47.4675552852061,-20.4868328227566 -47.4672894368615,-20.4873564393477 -47.467177348747,-20.4872865645631 -47.4670839180463,-20.4873424410103 -47.4668903404036,-20.4874546010197 -47.4667383586904,-20.4875363961456 -47.4662645122392,-20.4877908388985 -47.4658665390526,-20.4880063904198 -47.4658267565558,-20.4880267460468 -47.4659343640041,-20.4884044745208 -47.4660710963977,-20.4888760750596 -47.4661861228074,-20.4892771006363 -47.4663716822278,-20.4899190503498 -47.4664736986785,-20.4902798398708 -47.4667285555674,-20.491163856924 -47.4669655191274,-20.4919653571017 -47.4671266086678,-20.4924696141123 -47.46716049386,-20.4925969097889</coordinates></LinearRing></outerBoundaryIs></Polygon>
  </Placemark>
  <Placemark id="REURB.107">
	<Style><LineStyle><color>ff0000ff</color></LineStyle><PolyStyle><fill>0</fill></PolyStyle></Style>
	<ExtendedData><SchemaData schemaUrl="#REURB">
		<SimpleData name="fid">107</SimpleData>
		<SimpleData name="PROCESSO">2025RT0003
2026RD0002</SimpleData>
		<SimpleData name="MODALIDADE">Reurb-E - Técnico</SimpleData>
		<SimpleData name="NOME_LOTEAMENTO">Vale das Águas (REURB)</SimpleData>
		<SimpleData name="OBSERVACAO">Baixado projeto urbanístico e arquivo KMZ</SimpleData>
		<SimpleData name="MATRICULA">41519 – 1º RI </SimpleData>
		<SimpleData name="QUANT_LOTES">28</SimpleData>
		<SimpleData name="AREA_M2">111815.71</SimpleData>
		<SimpleData name="DECRETO_REURB">11938 de 04 de dezembro de 2024</SimpleData>
		<SimpleData name="SITUACAO">Em regularização</SimpleData>
	</SchemaData></ExtendedData>
      <Polygon><outerBoundaryIs><LinearRing><coordinates>-47.2891793191441,-20.4509470801753 -47.2889672013673,-20.4511216157391 -47.2888220541116,-20.4512682365311 -47.2886265304678,-20.4513856155068 -47.2884369036272,-20.4514985838519 -47.2882835559515,-20.4516054078982 -47.2881208303452,-20.4517156391225 -47.2879609281954,-20.4518048044539 -47.2881004394325,-20.4520438770561 -47.2881796843489,-20.4522011695226 -47.2882624104786,-20.4523079222397 -47.2882896464901,-20.4524061092738 -47.2883544672121,-20.4525141436077 -47.2883775215485,-20.4526352217862 -47.2883854999257,-20.4526999823192 -47.288419884626,-20.452754026337 -47.2885963864971,-20.452956833508 -47.288729065267,-20.4531350324269 -47.288839214334,-20.4532732694997 -47.2889635953106,-20.4534240343392 -47.2891388056709,-20.4535468002009 -47.2892311262966,-20.4536715338609 -47.2892790911227,-20.4537176272997 -47.2894648231035,-20.4537186240196 -47.2895495562376,-20.4537341038891 -47.2897542647169,-20.453837503389 -47.2899916810018,-20.4539530774133 -47.2901787331975,-20.4541035421282 -47.2903990153034,-20.4541956460595 -47.2905618464215,-20.4542999895096 -47.2907958683232,-20.4543728282961 -47.2910129364478,-20.4544079904236 -47.2912642465343,-20.4544480968437 -47.2915243581321,-20.4544674193089 -47.2918230570678,-20.454579901216 -47.2920154491528,-20.4546793631577 -47.2922894547423,-20.4547880925997 -47.2925031063141,-20.4548838413528 -47.2928073347664,-20.4551023579028 -47.2930220321448,-20.4552046522534 -47.2931640644277,-20.4552605318973 -47.293313710489,-20.4553349316938 -47.2938140637892,-20.4543989434543 -47.2941172094572,-20.4538324829815 -47.29375134347,-20.4537045973925 -47.2917153593449,-20.4530151664976 -47.2902565214728,-20.4525140065476 -47.2899140979936,-20.452187421564 -47.2898003978353,-20.4518431003734 -47.2891793191441,-20.4509470801753</coordinates></LinearRing></outerBoundaryIs></Polygon>
  </Placemark>
  <Placemark id="REURB.108">
	<Style><LineStyle><color>ff0000ff</color></LineStyle><PolyStyle><fill>0</fill></PolyStyle></Style>
	<ExtendedData><SchemaData schemaUrl="#REURB">
		<SimpleData name="fid">108</SimpleData>
		<SimpleData name="PROCESSO">2025RT0019
2025RD0019</SimpleData>
		<SimpleData name="MODALIDADE">Reurb-E - Técnico</SimpleData>
		<SimpleData name="NOME_LOTEAMENTO">Recanto Flor de Liz (REURB)</SimpleData>
		<SimpleData name="OBSERVACAO">Baixado projeto urbanístico e arquivo KMZ</SimpleData>
		<SimpleData name="MATRICULA">11452 – 2º RI</SimpleData>
		<SimpleData name="QUANT_LOTES">21</SimpleData>
		<SimpleData name="AREA_M2">1155252.52</SimpleData>
		<SimpleData name="DECRETO_REURB">11657 de 20 de junho de 2023</SimpleData>
		<SimpleData name="SITUACAO">Em regularização</SimpleData>
	</SchemaData></ExtendedData>
      <Polygon><outerBoundaryIs><LinearRing><coordinates>-47.4710061163206,-20.5324753374468 -47.4708875294153,-20.5324008572972 -47.4691458516362,-20.5316177359907 -47.4698417797012,-20.5309990971104 -47.4703372233053,-20.5305606206686 -47.4706932774938,-20.5302426652072 -47.4708204842528,-20.5301215823361 -47.4710956241536,-20.5279859718135 -47.4712730367581,-20.5264659147843 -47.4712916697738,-20.5258819278164 -47.4714273370195,-20.5259875693621 -47.4715620644133,-20.5260556272333 -47.4717547760387,-20.5262208284011 -47.4718382656427,-20.5264267748382 -47.4718131636682,-20.5265279021115 -47.4717587316226,-20.5266518407649 -47.4717996215958,-20.5267940142426 -47.471938237746,-20.5270055321303 -47.4720466693053,-20.5271441343381 -47.4721832370722,-20.5272712123083 -47.4722367697687,-20.5272877034892 -47.4722467342524,-20.5275546907573 -47.4718012974354,-20.5275560560369 -47.4717997479734,-20.527835121062 -47.4715654255923,-20.527834728624 -47.4715652551422,-20.5279250157747 -47.4726195220867,-20.5279267788784 -47.4726022095673,-20.5288416344126 -47.4725973197499,-20.5294340598539 -47.4725940348521,-20.5298320566857 -47.4725908669976,-20.5302158842502 -47.4725874449018,-20.5306305293709 -47.4725961912583,-20.5308474879334 -47.4725781256664,-20.5314682795065 -47.4719049472536,-20.5318989942128 -47.4710061163206,-20.5324753374468</coordinates></LinearRing></outerBoundaryIs></Polygon>
  </Placemark>
  <Placemark id="REURB.109">
	<Style><LineStyle><color>ff0000ff</color></LineStyle><PolyStyle><fill>0</fill></PolyStyle></Style>
	<ExtendedData><SchemaData schemaUrl="#REURB">
		<SimpleData name="fid">109</SimpleData>
		<SimpleData name="PROCESSO">2025RT0010
2025RD0009</SimpleData>
		<SimpleData name="MODALIDADE">Reurb-E - Técnico</SimpleData>
		<SimpleData name="NOME_LOTEAMENTO">Recanto Del Bianco (REURB)</SimpleData>
		<SimpleData name="OBSERVACAO">Baixado projeto urbanístico e arquivo KMZ</SimpleData>
		<SimpleData name="MATRICULA">43363 – 1º RI</SimpleData>
		<SimpleData name="QUANT_LOTES">47</SimpleData>
		<SimpleData name="AREA_M2">164038</SimpleData>
		<SimpleData name="DECRETO_REURB">12145 de 12 de dezembro de 2025</SimpleData>
		<SimpleData name="SITUACAO">Em regularização</SimpleData>
	</SchemaData></ExtendedData>
      <Polygon><outerBoundaryIs><LinearRing><coordinates>-47.3552203502069,-20.5019037421563 -47.3577112575135,-20.5045295949276 -47.3553316350254,-20.5053561652401 -47.3541082922468,-20.5041631509895 -47.3547370230056,-20.5038742669015 -47.3532791771961,-20.5024310232831 -47.3538556141738,-20.502113613357 -47.3549644965145,-20.5016177440597 -47.3552203502069,-20.5019037421563</coordinates></LinearRing></outerBoundaryIs></Polygon>
  </Placemark>
  <Placemark id="REURB.110">
	<Style><LineStyle><color>ff0000ff</color></LineStyle><PolyStyle><fill>0</fill></PolyStyle></Style>
	<ExtendedData><SchemaData schemaUrl="#REURB">
		<SimpleData name="fid">110</SimpleData>
		<SimpleData name="PROCESSO">2025RT0006
2025RD0006</SimpleData>
		<SimpleData name="MODALIDADE">Reurb-E - Técnico</SimpleData>
		<SimpleData name="NOME_LOTEAMENTO">Grandes Lagos (REURB) </SimpleData>
		<SimpleData name="OBSERVACAO">Baixado projeto urbanístico tem dois arquivos e arquivo KMZ</SimpleData>
		<SimpleData name="MATRICULA">88234 – 1º RI</SimpleData>
		<SimpleData name="QUANT_LOTES">14</SimpleData>
		<SimpleData name="AREA_M2">24806</SimpleData>
		<SimpleData name="DECRETO_REURB">11853 de 01 de julho de 2024</SimpleData>
		<SimpleData name="SITUACAO">Em regularização</SimpleData>
	</SchemaData></ExtendedData>
      <Polygon><outerBoundaryIs><LinearRing><coordinates>-47.3285575399904,-20.5249821183815 -47.3289665379166,-20.5239472579678 -47.3289783074846,-20.5239205223397 -47.3290251488796,-20.5239290869624 -47.3291853984511,-20.5239583873749 -47.3294131748859,-20.5239974453825 -47.3298568471353,-20.5240767766695 -47.3300732143498,-20.5241167366462 -47.3302907472843,-20.5241553892977 -47.3304909442716,-20.5241896943665 -47.3307237583424,-20.5242318183282 -47.3305866128408,-20.5247266896878 -47.3303865165485,-20.5254375522496 -47.330112873793,-20.5253695704396 -47.329746200553,-20.5252764543774 -47.3293903686058,-20.525186451839 -47.3290136354723,-20.5250942730271 -47.328823710843,-20.5250475179116 -47.3286115312454,-20.5249959739448 -47.3285575571608,-20.524982121521 -47.3285575399904,-20.5249821183815</coordinates></LinearRing></outerBoundaryIs></Polygon>
  </Placemark>
  <Placemark id="REURB.111">
	<Style><LineStyle><color>ff0000ff</color></LineStyle><PolyStyle><fill>0</fill></PolyStyle></Style>
	<ExtendedData><SchemaData schemaUrl="#REURB">
		<SimpleData name="fid">111</SimpleData>
		<SimpleData name="PROCESSO">2025RT0015
2025RD0011</SimpleData>
		<SimpleData name="MODALIDADE">Reurb-E - Técnico</SimpleData>
		<SimpleData name="NOME_LOTEAMENTO">Prolongamento do Parque dos Ipes (REURB)</SimpleData>
		<SimpleData name="OBSERVACAO">Baixado projeto urbanístico e não possui o arquivo KMZ</SimpleData>
		<SimpleData name="MATRICULA">66364 – 1º RI</SimpleData>
		<SimpleData name="QUANT_LOTES">4</SimpleData>
		<SimpleData name="AREA_M2">32750</SimpleData>
		<SimpleData name="DECRETO_REURB">11852 de 01 de julho de 2024</SimpleData>
		<SimpleData name="SITUACAO">Em regularização</SimpleData>
	</SchemaData></ExtendedData>
      <Polygon><outerBoundaryIs><LinearRing><coordinates>-47.3334154144652,-20.4803040520063 -47.3345205130112,-20.479344814692 -47.3347658777187,-20.4793560916444 -47.3343573912026,-20.4787046327953 -47.3341650941105,-20.4784245547876 -47.3341074330352,-20.4783827937156 -47.3336255433528,-20.4783957592637 -47.3333136524702,-20.4781871338865 -47.3322507042015,-20.4791047038257 -47.3334154144652,-20.4803040520063</coordinates></LinearRing></outerBoundaryIs></Polygon>
  </Placemark>
  <Placemark id="REURB.112">
	<Style><LineStyle><color>ff0000ff</color></LineStyle><PolyStyle><fill>0</fill></PolyStyle></Style>
	<ExtendedData><SchemaData schemaUrl="#REURB">
		<SimpleData name="fid">112</SimpleData>
		<SimpleData name="PROCESSO">2025RT0004
2025RD0020</SimpleData>
		<SimpleData name="MODALIDADE">Reurb-E - Técnico</SimpleData>
		<SimpleData name="NOME_LOTEAMENTO">Morada das Aves (REURB)</SimpleData>
		<SimpleData name="OBSERVACAO">Baixado projeto urbanístico e não possui o arquivo KMZ</SimpleData>
		<SimpleData name="MATRICULA">99.954 - 99955 e 99.956 – 1º RI</SimpleData>
		<SimpleData name="QUANT_LOTES">11</SimpleData>
		<SimpleData name="AREA_M2">75672.36</SimpleData>
		<SimpleData name="DECRETO_REURB">11676 de 21 de julho de 2023</SimpleData>
		<SimpleData name="SITUACAO">Em regularização</SimpleData>
	</SchemaData></ExtendedData>
      <Polygon><outerBoundaryIs><LinearRing><coordinates>-47.1981752170976,-20.540549579334 -47.1987915823576,-20.5400878722694 -47.1996414906236,-20.5394430105292 -47.2001272104106,-20.5390683684945 -47.2003339401604,-20.5392061413682 -47.2007369026247,-20.5395904082797 -47.2009702808652,-20.5397512493685 -47.2018882963867,-20.540161942191 -47.2005303997203,-20.5410947106199 -47.1996325129219,-20.5414373408958 -47.1994217890306,-20.5415100830328 -47.1978707244111,-20.5421164568185 -47.1975600779081,-20.5422409179805 -47.1973854589693,-20.5422991168231 -47.1969708173649,-20.542351910155 -47.1968528269895,-20.5423699776813 -47.1965261456709,-20.5423953893511 -47.1962286500299,-20.5423948337837 -47.1961405841922,-20.5422798085262 -47.1959163968919,-20.5420655868439 -47.1984607705135,-20.5412523458193 -47.1981752170976,-20.540549579334</coordinates></LinearRing></outerBoundaryIs></Polygon>
  </Placemark>
  <Placemark id="REURB.113">
	<Style><LineStyle><color>ff0000ff</color></LineStyle><PolyStyle><fill>0</fill></PolyStyle></Style>
	<ExtendedData><SchemaData schemaUrl="#REURB">
		<SimpleData name="fid">113</SimpleData>
		<SimpleData name="PROCESSO">2025RT0013
2025RD0012</SimpleData>
		<SimpleData name="MODALIDADE">Reurb-E - Técnico</SimpleData>
		<SimpleData name="NOME_LOTEAMENTO">Quinta do Bosque (REURB)</SimpleData>
		<SimpleData name="OBSERVACAO">Houve o cancelamento do processo solicitado por e-mail</SimpleData>
		<SimpleData name="MATRICULA">47177 – 1º RI</SimpleData>
		<SimpleData name="QUANT_LOTES">60</SimpleData>
		<SimpleData name="AREA_M2">148344</SimpleData>
		<SimpleData name="DECRETO_REURB">11689 de 09 de agosto de 2023</SimpleData>
		<SimpleData name="SITUACAO">Em regularização</SimpleData>
	</SchemaData></ExtendedData>
      <Polygon><outerBoundaryIs><LinearRing><coordinates>-47.3496461999936,-20.5394566604451 -47.3499092801341,-20.5386003281979 -47.3499658428039,-20.5379837729412 -47.3493201847734,-20.5376808635501 -47.3491984139411,-20.5376237345446 -47.3484164673594,-20.5372568797032 -47.3467555052569,-20.5400600069446 -47.3475374636769,-20.5404268681738 -47.3479126036392,-20.540312928005 -47.3480872832183,-20.5408829250113 -47.3473407639075,-20.5410881986449 -47.3480489302861,-20.5434116230942 -47.3484572844954,-20.5435255607197 -47.3486697304098,-20.54355399519 -47.3489061872131,-20.5435550208636 -47.3490498578227,-20.5435622923903 -47.349401180308,-20.5434953583138 -47.3500149116636,-20.5432268893289 -47.3502481473897,-20.5431160449033 -47.3504735949285,-20.5429711023112 -47.3507306436554,-20.5427662712862 -47.35106936643,-20.5423720176698 -47.3514052873746,-20.5419066337866 -47.3516332130086,-20.5416132007019 -47.3492175829954,-20.5414742967222 -47.3487468497168,-20.5399357880641 -47.3496461999935,-20.5394566604451 -47.3496461999936,-20.5394566604451</coordinates></LinearRing></outerBoundaryIs></Polygon>
  </Placemark>
  <Placemark id="REURB.114">
	<Style><LineStyle><color>ff0000ff</color></LineStyle><PolyStyle><fill>0</fill></PolyStyle></Style>
	<ExtendedData><SchemaData schemaUrl="#REURB">
		<SimpleData name="fid">114</SimpleData>
		<SimpleData name="PROCESSO">2025RT0020
2025RD0023
2025RD0021</SimpleData>
		<SimpleData name="MODALIDADE">Reurb-E - Técnico</SimpleData>
		<SimpleData name="NOME_LOTEAMENTO">Recanto Asas da Paz (REURB)</SimpleData>
		<SimpleData name="OBSERVACAO">Baixado projeto urbanístico e não possui o arquivo KMZ</SimpleData>
		<SimpleData name="MATRICULA">30689 – 2º RI</SimpleData>
		<SimpleData name="QUANT_LOTES">29</SimpleData>
		<SimpleData name="AREA_M2">96800</SimpleData>
		<SimpleData name="DECRETO_REURB">11656 de 20 de junho de 2023</SimpleData>
		<SimpleData name="SITUACAO">Em regularização</SimpleData>
	</SchemaData></ExtendedData>
      <Polygon><outerBoundaryIs><LinearRing><coordinates>-47.4738484198966,-20.4963391861505 -47.4753391980674,-20.4950284279816 -47.4714888598342,-20.4927787266029 -47.4714256115074,-20.4929040749342 -47.4713789136399,-20.4928813305801 -47.4713529008658,-20.4928841252226 -47.4709322277551,-20.4926812539094 -47.4708719942126,-20.4927785407734 -47.4707074509221,-20.4931614561703 -47.4705469366261,-20.493760036622 -47.4704977938246,-20.4941408788645 -47.4704910632471,-20.4941742893237 -47.470486929343,-20.4942080725414 -47.4704860895288,-20.4942339622566 -47.4704878784957,-20.4942598091542 -47.4704965178653,-20.494301546629 -47.4705120748729,-20.4943414641772 -47.4705210956878,-20.4943680796392 -47.470523153839,-20.4943925740233 -47.4738484198966,-20.4963391861505</coordinates></LinearRing></outerBoundaryIs></Polygon>
  </Placemark>
  <Placemark id="REURB.115">
	<Style><LineStyle><color>ff0000ff</color></LineStyle><PolyStyle><fill>0</fill></PolyStyle></Style>
	<ExtendedData><SchemaData schemaUrl="#REURB">
		<SimpleData name="fid">115</SimpleData>
		<SimpleData name="PROCESSO">2025RT0011
2025RD0017</SimpleData>
		<SimpleData name="MODALIDADE">Reurb-E - Técnico</SimpleData>
		<SimpleData name="NOME_LOTEAMENTO">Recanto Bom Jardim I (REURB)</SimpleData>
		<SimpleData name="OBSERVACAO">Baixado projeto urbanístico e não possui o arquivo KMZ</SimpleData>
		<SimpleData name="MATRICULA">23279 – 2º RI</SimpleData>
		<SimpleData name="QUANT_LOTES">63</SimpleData>
		<SimpleData name="AREA_M2">157664.62</SimpleData>
		<SimpleData name="DECRETO_REURB">11658 de 20 de junho de 2023</SimpleData>
		<SimpleData name="SITUACAO">Em regularização</SimpleData>
	</SchemaData></ExtendedData>
      <Polygon><outerBoundaryIs><LinearRing><coordinates>-47.5174242229784,-20.5175410313618 -47.5173341520721,-20.5175424347052 -47.5169269315479,-20.5196738278411 -47.5183247510879,-20.5194979087173 -47.5203149598142,-20.5205468254831 -47.5204056113951,-20.5201748333851 -47.5211520326395,-20.5203469419132 -47.5219019603434,-20.5205221527227 -47.5219895517499,-20.520543179132 -47.5220433136888,-20.5203464864332 -47.5223372603355,-20.5204217202434 -47.5229029222668,-20.5198423946774 -47.5229890914471,-20.5197717014123 -47.5229584288545,-20.519608743235 -47.5233374577218,-20.5182060259904 -47.5232392119632,-20.5181895007613 -47.5229073696748,-20.5181283139904 -47.5229058630061,-20.5181352903571 -47.5225896733864,-20.5180866807031 -47.5224986936262,-20.5180745564453 -47.5217342114993,-20.5179594410541 -47.5209781686412,-20.517844551703 -47.520864962596,-20.5178275361074 -47.5200230909508,-20.517704500262 -47.5197620100285,-20.5176829275272 -47.5191543600256,-20.5176347026223 -47.5190601347198,-20.5176287672947 -47.5182195223393,-20.51757189045 -47.5178135941743,-20.5175598862084 -47.5174242229784,-20.5175410313618</coordinates></LinearRing></outerBoundaryIs></Polygon>
  </Placemark>
  <Placemark id="REURB.116">
	<Style><LineStyle><color>ff0000ff</color></LineStyle><PolyStyle><fill>0</fill></PolyStyle></Style>
	<ExtendedData><SchemaData schemaUrl="#REURB">
		<SimpleData name="fid">116</SimpleData>
		<SimpleData name="PROCESSO">2025RT0022
2025RD0024</SimpleData>
		<SimpleData name="MODALIDADE">Reurb-E - Técnico</SimpleData>
		<SimpleData name="NOME_LOTEAMENTO">Recanto Campestre (REURB)</SimpleData>
		<SimpleData name="OBSERVACAO">Baixado projeto urbanístico e não possui o arquivo KMZ</SimpleData>
		<SimpleData name="MATRICULA">22409 – 1º RI</SimpleData>
		<SimpleData name="QUANT_LOTES">37</SimpleData>
		<SimpleData name="AREA_M2">187400</SimpleData>
		<SimpleData name="DECRETO_REURB">11655 de 20 de junho de 2023</SimpleData>
		<SimpleData name="SITUACAO">Em regularização</SimpleData>
	</SchemaData></ExtendedData>
      <Polygon><outerBoundaryIs><LinearRing><coordinates>-47.2841235879594,-20.5257374187548 -47.2841179868122,-20.5257544997084 -47.284117986811,-20.5257544997114 -47.2840684309827,-20.5259395709114 -47.284033162707,-20.526115006611 -47.2839908749937,-20.5263881712102 -47.283988065453,-20.5264585327862 -47.2840032935052,-20.5266255592027 -47.2840206171181,-20.5267287242716 -47.2840900878364,-20.5270839214114 -47.2841064393976,-20.5272069386897 -47.284184201705,-20.5274194763551 -47.284192946454,-20.5274302082935 -47.2843301401119,-20.5275615038982 -47.2845036455193,-20.5277256959019 -47.284640264237,-20.5278378080794 -47.2849231786752,-20.5280412835077 -47.284933293488,-20.5280518334144 -47.2849641925121,-20.5280813476198 -47.2849723169819,-20.5280929053297 -47.2850450607706,-20.5282024018596 -47.2850881052031,-20.5283205546119 -47.2852453448848,-20.5287462367599 -47.2854472741085,-20.5292429133634 -47.2846745052391,-20.5294263785652 -47.2842518824506,-20.5294782371747 -47.2836204350254,-20.5295208837282 -47.2829136624532,-20.5295670432977 -47.2828423885142,-20.5295712124962 -47.2826148679614,-20.5295879435145 -47.2823007486259,-20.5296126769636 -47.2821399756466,-20.5296404980436 -47.2819459175343,-20.5296474477158 -47.2819198574357,-20.5295715035873 -47.281903553421,-20.5295250762307 -47.2818283745275,-20.5293125278617 -47.2817882949828,-20.529315963285 -47.2817326367207,-20.5291161896671 -47.281458518069,-20.5283598613561 -47.2812939535914,-20.5278805630007 -47.2811955460419,-20.5276144583592 -47.2811627296576,-20.5274989361882 -47.2811580961359,-20.527476080321 -47.2811577759746,-20.5274717968779 -47.2811558226527,-20.5274364879939 -47.2811246433239,-20.5273250163042 -47.2810565619425,-20.5270579241105 -47.2809458785746,-20.5267515569632 -47.2808744593733,-20.526526367855 -47.2808263896982,-20.5263671630405 -47.2807980817945,-20.5262614254564 -47.2807705334222,-20.5261860366438 -47.280701966175,-20.5259734525905 -47.2806838403054,-20.5258631329212 -47.2808597399544,-20.5253083996307 -47.2809042282332,-20.5252551673157 -47.2809487164819,-20.5252019349919 -47.2820453153394,-20.5246673755026 -47.2825119614567,-20.5244084664089 -47.2837871292345,-20.524748245785 -47.2838725312173,-20.5244783659266 -47.2841200809691,-20.5246345352589 -47.2842812451752,-20.5247421703521 -47.2845032815414,-20.5248898960314 -47.2843553031959,-20.5251119668612 -47.2842518343998,-20.5253833379117 -47.284193187624,-20.5255629927981 -47.2841669249473,-20.5256349466712 -47.2841445930731,-20.5256867272668 -47.2841235879594,-20.5257374187548</coordinates></LinearRing></outerBoundaryIs></Polygon>
  </Placemark>
  <Placemark id="REURB.117">
	<Style><LineStyle><color>ff0000ff</color></LineStyle><PolyStyle><fill>0</fill></PolyStyle></Style>
	<ExtendedData><SchemaData schemaUrl="#REURB">
		<SimpleData name="fid">117</SimpleData>
		<SimpleData name="PROCESSO">2025RT0014
2025RD0028</SimpleData>
		<SimpleData name="MODALIDADE">Reurb-E - Técnico</SimpleData>
		<SimpleData name="NOME_LOTEAMENTO">Recanto Florido (REURB)</SimpleData>
		<SimpleData name="OBSERVACAO">Baixado projeto urbanístico e não possui o arquivo KMZ</SimpleData>
		<SimpleData name="MATRICULA">478 – 2º RI</SimpleData>
		<SimpleData name="QUANT_LOTES">37</SimpleData>
		<SimpleData name="AREA_M2">138310</SimpleData>
		<SimpleData name="DECRETO_REURB">11755 de 20 de dezembro de 2023</SimpleData>
		<SimpleData name="SITUACAO">Em regularização</SimpleData>
	</SchemaData></ExtendedData>
      <Polygon><outerBoundaryIs><LinearRing><coordinates>-47.453958999242,-20.4975124230944 -47.4546323546794,-20.4974337362206 -47.454992452602,-20.4973932136764 -47.4547882694059,-20.5014635246685 -47.4540095219675,-20.5014041686933 -47.45330315496,-20.5013879575959 -47.4519109889772,-20.5013171370026 -47.4517481625482,-20.5013678915478 -47.4512442624921,-20.501532856285 -47.4511296040286,-20.5015735971252 -47.4509660547037,-20.5016275964914 -47.4502789376133,-20.5018552567885 -47.4505689315864,-20.5014461646661 -47.4505729123264,-20.5014486757423 -47.4509046728283,-20.5011330670224 -47.4511408147332,-20.5009062775072 -47.4512659875119,-20.5007934690101 -47.4516865045281,-20.5003989878738 -47.4517253686137,-20.5003619859108 -47.4518853566346,-20.5002105532959 -47.4519034809122,-20.4999017078055 -47.4519170617144,-20.4996875335382 -47.4519543111913,-20.4990109919129 -47.4519791568375,-20.4985587019759 -47.4520048445338,-20.4981071891483 -47.4520154502607,-20.4978961429432 -47.4520225617435,-20.4977274611214 -47.4528750355218,-20.4976327960751 -47.4529825755584,-20.497620853726 -47.453958999242,-20.4975124230944</coordinates></LinearRing></outerBoundaryIs></Polygon>
  </Placemark>
  <Placemark id="REURB.118">
	<Style><LineStyle><color>ff0000ff</color></LineStyle><PolyStyle><fill>0</fill></PolyStyle></Style>
	<ExtendedData><SchemaData schemaUrl="#REURB">
		<SimpleData name="fid">118</SimpleData>
		<SimpleData name="PROCESSO">2025RT0012
2025RD0014</SimpleData>
		<SimpleData name="MODALIDADE">Reurb-E - Técnico</SimpleData>
		<SimpleData name="NOME_LOTEAMENTO">Porto dos Sonhos (REURB)</SimpleData>
		<SimpleData name="OBSERVACAO">Baixado projeto urbanístico e não possui o arquivo KMZ</SimpleData>
		<SimpleData name="MATRICULA">50899 – 1º RI</SimpleData>
		<SimpleData name="QUANT_LOTES">80</SimpleData>
		<SimpleData name="AREA_M2">112671</SimpleData>
		<SimpleData name="DECRETO_REURB">12107 de 20 de outubro de 2025</SimpleData>
		<SimpleData name="SITUACAO">Em regularização</SimpleData>
	</SchemaData></ExtendedData>
      <Polygon><outerBoundaryIs><LinearRing><coordinates>-47.3320403641126,-20.5423557355789 -47.3320480537688,-20.542353402186 -47.3328882459241,-20.5421071297655 -47.3328924034589,-20.5420874868981 -47.3330007092696,-20.5414086978801 -47.3331831091268,-20.5409295563963 -47.3333746369945,-20.5399632451534 -47.3336387871878,-20.5394062101038 -47.3328995256368,-20.5389142007034 -47.3333330702103,-20.5378573063276 -47.3325115740446,-20.5368049668275 -47.3314063805929,-20.5370978428852 -47.3304906270668,-20.5372727512796 -47.3320403641126,-20.5423557355789</coordinates></LinearRing></outerBoundaryIs></Polygon>
  </Placemark>
  <Placemark id="REURB.119">
	<Style><LineStyle><color>ff0000ff</color></LineStyle><PolyStyle><fill>0</fill></PolyStyle></Style>
	<ExtendedData><SchemaData schemaUrl="#REURB">
		<SimpleData name="fid">119</SimpleData>
		<SimpleData name="PROCESSO">2025RT0016</SimpleData>
		<SimpleData name="MODALIDADE">Reurb-E - Técnico</SimpleData>
		<SimpleData name="NOME_LOTEAMENTO">Riacho Doce (REURB)</SimpleData>
		<SimpleData name="OBSERVACAO">Baixado projeto urbanístico e não possui o arquivo KMZ</SimpleData>
		<SimpleData name="MATRICULA">76430 – 2º RI</SimpleData>
		<SimpleData name="QUANT_LOTES">65</SimpleData>
		<SimpleData name="AREA_M2">169979</SimpleData>
		<SimpleData name="SITUACAO">Em regularização</SimpleData>
	</SchemaData></ExtendedData>
      <Polygon><outerBoundaryIs><LinearRing><coordinates>-47.4945347659044,-20.5153224895462 -47.4952616618753,-20.5154678163349 -47.4958526774119,-20.5155819602179 -47.4967334613312,-20.5157508004816 -47.4976103158222,-20.5159220337925 -47.4979896864842,-20.5159947488731 -47.4982897310401,-20.5160539604546 -47.4988892247024,-20.5161875097451 -47.4992218783497,-20.5162486216229 -47.4994857933093,-20.5163001769578 -47.4999709888585,-20.5164169848936 -47.5005019498378,-20.5165404849691 -47.5007000759799,-20.5165868274136 -47.5008971442834,-20.516633855071 -47.5012731494836,-20.5167144504632 -47.5015735496652,-20.5167906815122 -47.5019469706582,-20.5168776697539 -47.502326897214,-20.5169531041307 -47.5018328143459,-20.516195082103 -47.5006567106065,-20.515792330186 -47.5006390081056,-20.5157324931112 -47.5005849896624,-20.5152177327837 -47.5005615391004,-20.5149511924399 -47.5005051557076,-20.5143471582738 -47.5004731551428,-20.5140012928981 -47.5003665633538,-20.5139534326816 -47.4999646264365,-20.5138019430913 -47.4990681520419,-20.5134555074167 -47.4984151355921,-20.5132028875687 -47.4983529632771,-20.5131782117822 -47.4983653635101,-20.5131290342894 -47.497214370846,-20.5128743578558 -47.4971909559664,-20.5128710790258 -47.4970984400336,-20.5129019984817 -47.4953347112056,-20.5145707325497 -47.4953247222809,-20.5146356641227 -47.4953199200163,-20.5146670502698 -47.4952863543253,-20.5146786032688 -47.4952663729977,-20.5147437780786 -47.495242612598,-20.5147402402448 -47.4951179556113,-20.5147761078352 -47.4950943574812,-20.514795358397 -47.4945347659044,-20.5153224895462</coordinates></LinearRing></outerBoundaryIs></Polygon>
  </Placemark>
  <Placemark id="REURB.120">
	<Style><LineStyle><color>ff0000ff</color></LineStyle><PolyStyle><fill>0</fill></PolyStyle></Style>
	<ExtendedData><SchemaData schemaUrl="#REURB">
		<SimpleData name="fid">120</SimpleData>
		<SimpleData name="PROCESSO">2025RT0008
2025RD0009</SimpleData>
		<SimpleData name="MODALIDADE">Reurb-E - Técnico</SimpleData>
		<SimpleData name="NOME_LOTEAMENTO">Vale das Samambaias (REURB)</SimpleData>
		<SimpleData name="OBSERVACAO">Baixado projeto urbanístico e não possui o arquivo KMZ</SimpleData>
		<SimpleData name="MATRICULA">32121 – 1º RI</SimpleData>
		<SimpleData name="QUANT_LOTES">28</SimpleData>
		<SimpleData name="AREA_M2">167001</SimpleData>
		<SimpleData name="DECRETO_REURB">11663 de 29 de junho de 2023</SimpleData>
		<SimpleData name="SITUACAO">Em regularização</SimpleData>
	</SchemaData></ExtendedData>
      <Polygon><outerBoundaryIs><LinearRing><coordinates>-47.3394880969948,-20.5407336951205 -47.3426272805672,-20.534707458988 -47.3426979177465,-20.53458927555 -47.341244174263,-20.5339162756797 -47.3411714861779,-20.5340167957749 -47.3383410524537,-20.5374780055764 -47.3375781378211,-20.5384109077404 -47.3372854506665,-20.5387688058818 -47.337405765071,-20.5388844147206 -47.3380910559049,-20.5396798777681 -47.3383119336745,-20.5395682846973 -47.3385632926788,-20.5395577319508 -47.3385766824168,-20.5395571698024 -47.3387336666497,-20.5395505789727 -47.3387922824801,-20.5395671119763 -47.3394880969948,-20.5407336951205</coordinates></LinearRing></outerBoundaryIs></Polygon>
  </Placemark>
  <Placemark id="REURB.121">
	<Style><LineStyle><color>ff0000ff</color></LineStyle><PolyStyle><fill>0</fill></PolyStyle></Style>
	<ExtendedData><SchemaData schemaUrl="#REURB">
		<SimpleData name="fid">121</SimpleData>
		<SimpleData name="PROCESSO">2025RT0005</SimpleData>
		<SimpleData name="MODALIDADE">Reurb-E - Técnico</SimpleData>
		<SimpleData name="NOME_LOTEAMENTO">Residencial Vale do Paraíso (REURB)</SimpleData>
		<SimpleData name="OBSERVACAO">Baixado projeto urbanístico e não possui o arquivo KMZ</SimpleData>
		<SimpleData name="MATRICULA">102.025, 102.026, 102.917, 104.072, 104.073, 104.074 e 102.536 – 2º RI</SimpleData>
		<SimpleData name="QUANT_LOTES">55</SimpleData>
		<SimpleData name="AREA_M2">142150</SimpleData>
		<SimpleData name="SITUACAO">Em regularização</SimpleData>
	</SchemaData></ExtendedData>
      <Polygon><outerBoundaryIs><LinearRing><coordinates>-47.3364681377467,-20.4583671819446 -47.3359772732068,-20.4584120682677 -47.3356716257392,-20.4585837815176 -47.3349975903135,-20.4593595270521 -47.3350806957513,-20.4596783615694 -47.3350928304604,-20.4597267826865 -47.3350999186931,-20.4598343311144 -47.3350810897385,-20.4599261534049 -47.3348691763896,-20.4599793000067 -47.3347204047317,-20.4600132663349 -47.3346005836819,-20.4600417866197 -47.3343618008864,-20.4600986348014 -47.3341476494563,-20.46014955299 -47.3338452659287,-20.4602206197022 -47.333691539452,-20.4602564578154 -47.3334580098171,-20.4603122409215 -47.3334093186073,-20.4603239118056 -47.3334136968767,-20.460442423695 -47.3334217381139,-20.46067015564 -47.3334316453938,-20.4610403640474 -47.3334414908589,-20.4614508493603 -47.3334457410014,-20.4615925713725 -47.3334625663565,-20.4622619580743 -47.3334706555806,-20.462530868459 -47.3342282111332,-20.4625119363366 -47.3348994977717,-20.4624909992116 -47.3349554603644,-20.4624912407497 -47.3357285249636,-20.4624714616126 -47.3359256743199,-20.4624682702022 -47.3365169225358,-20.4624518341382 -47.3365569616786,-20.4624509346506 -47.3380674842229,-20.4624267380391 -47.3381097353497,-20.4622808690643 -47.3381497993385,-20.4621424345089 -47.3381915042533,-20.4619984692741 -47.3382306579831,-20.4618632076257 -47.3382564319635,-20.4617745426918 -47.338200185794,-20.4616037200433 -47.3381549864227,-20.4614663421858 -47.3381479522574,-20.4614447636328 -47.3381492388417,-20.4613272596346 -47.3381499307609,-20.4612653914615 -47.3381352017609,-20.4611975899978 -47.3381088420435,-20.4610767553908 -47.3380910216941,-20.4609946370213 -47.3380847900243,-20.4609374675291 -47.3380690891017,-20.4607928296389 -47.3380255525901,-20.4603919195666 -47.3380149668277,-20.4602939908039 -47.3380199831968,-20.4602519315377 -47.3376089600523,-20.4602608009616 -47.3363288605026,-20.4602885773876 -47.3361906489093,-20.4602668654485 -47.335913839823,-20.4602739269283 -47.3364681377467,-20.4583671819446</coordinates></LinearRing></outerBoundaryIs></Polygon>
  </Placemark>
  <Placemark id="REURB.122">
	<Style><LineStyle><color>ff0000ff</color></LineStyle><PolyStyle><fill>0</fill></PolyStyle></Style>
	<ExtendedData><SchemaData schemaUrl="#REURB">
		<SimpleData name="fid">122</SimpleData>
		<SimpleData name="PROCESSO">2025RT0010
2025RD0013</SimpleData>
		<SimpleData name="MODALIDADE">Reurb-E - Técnico</SimpleData>
		<SimpleData name="NOME_LOTEAMENTO">RECANTO DO CAPIM MIMOSO E VALE VERDE I E II (REURB)</SimpleData>
		<SimpleData name="OBSERVACAO">Baixado projeto urbanístico e não possui o arquivo KMZ</SimpleData>
		<SimpleData name="MATRICULA">53768, 53828 e 53829 – 1º RI</SimpleData>
		<SimpleData name="QUANT_LOTES">51</SimpleData>
		<SimpleData name="AREA_M2">181705</SimpleData>
		<SimpleData name="DECRETO_REURB">12084 de 11 de setembro de 2025</SimpleData>
		<SimpleData name="SITUACAO">Em regularização</SimpleData>
	</SchemaData></ExtendedData>
      <Polygon><outerBoundaryIs><LinearRing><coordinates>-47.3543143649812,-20.4886942707434 -47.3552800621115,-20.487991640769 -47.3547865426811,-20.4872922696279 -47.3549495606671,-20.4868614154035 -47.3552815387444,-20.4860273610722 -47.3552938667931,-20.4860039579221 -47.3556983044546,-20.4855093810246 -47.3557093455934,-20.4855171723439 -47.3564659643313,-20.4860608436347 -47.3565692161115,-20.486135143932 -47.3571002673688,-20.4865162444007 -47.3571425811386,-20.4865466042303 -47.357205009116,-20.4865913958178 -47.357694905747,-20.4862338097094 -47.3578436740816,-20.4860561208409 -47.3579863119439,-20.4858744006324 -47.3582850968061,-20.4855167476336 -47.3585856436715,-20.4851486989654 -47.3584639326533,-20.4849660695921 -47.3581980426749,-20.4845675726253 -47.3578960269002,-20.4841178807575 -47.357670000523,-20.4837798197692 -47.3575417672467,-20.4835888191636 -47.3575081678975,-20.4835407039388 -47.3573758438854,-20.4833636024163 -47.3572774710903,-20.4832528976543 -47.3572129259009,-20.4831898490482 -47.3571006287337,-20.4830934760833 -47.3566555353113,-20.4827927994031 -47.3562372792399,-20.4825254359338 -47.3557063199703,-20.482186051446 -47.3555763463445,-20.4823985851238 -47.3554140318365,-20.4826526300975 -47.3553045228747,-20.4828075699604 -47.3551254128174,-20.4830206712532 -47.3547082466028,-20.4835012185998 -47.3544010713115,-20.4838827511231 -47.3542476419276,-20.4840833717293 -47.3540365272569,-20.4843800671803 -47.3538633223349,-20.4846247458709 -47.3537682958462,-20.4847610714593 -47.3536688913087,-20.4849095753169 -47.3534047044994,-20.4852912516567 -47.3534002028849,-20.4852975903056 -47.3534262738994,-20.485642718614 -47.3534493527636,-20.485948250761 -47.3532931114852,-20.486587186952 -47.3539518205117,-20.4865425387594 -47.3541639306835,-20.4865830282838 -47.3540415064134,-20.4867609681094 -47.3540057921549,-20.4868283318027 -47.3538670081402,-20.4872367921208 -47.3538077320927,-20.4874554989631 -47.3539187376929,-20.4878388284359 -47.3540636609742,-20.4882959262963 -47.3541141871459,-20.4884116450313 -47.3543143649812,-20.4886942707434</coordinates></LinearRing></outerBoundaryIs></Polygon>
  </Placemark>
  <Placemark id="REURB.123">
	<Style><LineStyle><color>ff0000ff</color></LineStyle><PolyStyle><fill>0</fill></PolyStyle></Style>
	<ExtendedData><SchemaData schemaUrl="#REURB">
		<SimpleData name="fid">123</SimpleData>
		<SimpleData name="PROCESSO">2025RD0018</SimpleData>
		<SimpleData name="MODALIDADE">Reurb-E - Documental</SimpleData>
		<SimpleData name="NOME_LOTEAMENTO">Condomínio Estância Santa Edwirges(REURB)</SimpleData>
		<SimpleData name="OBSERVACAO">Notificado e já providenciando projetos</SimpleData>
		<SimpleData name="SITUACAO">Notificado</SimpleData>
	</SchemaData></ExtendedData>
      <Polygon><outerBoundaryIs><LinearRing><coordinates>-47.313538538005,-20.4366171424824 -47.3114317936986,-20.4370956918911 -47.3111646466146,-20.4405447722317 -47.311437839287,-20.4410893749254 -47.3117553801207,-20.4413748701431 -47.3118317881135,-20.4416236933112 -47.3145804937513,-20.4429276835874 -47.3149944812569,-20.4409570364211 -47.3141782842688,-20.4397595269232 -47.3139356455681,-20.4388474150668 -47.3138726617347,-20.4375907457332 -47.3137540219734,-20.4370617611862 -47.313538538005,-20.4366171424824</coordinates></LinearRing></outerBoundaryIs></Polygon>
  </Placemark>
  <Placemark id="REURB.124">
	<Style><LineStyle><color>ff0000ff</color></LineStyle><PolyStyle><fill>0</fill></PolyStyle></Style>
	<ExtendedData><SchemaData schemaUrl="#REURB">
		<SimpleData name="fid">124</SimpleData>
		<SimpleData name="PROCESSO">2026RT0001
2026RD0001</SimpleData>
		<SimpleData name="MODALIDADE">Reurb-E - Técnico</SimpleData>
		<SimpleData name="NOME_LOTEAMENTO">Condomínio Estância Santa Edwirges(REURB)</SimpleData>
		<SimpleData name="OBSERVACAO">Não possui os arquivos no processo</SimpleData>
		<SimpleData name="MATRICULA">79250 – 1º RI</SimpleData>
		<SimpleData name="QUANT_LOTES">14</SimpleData>
		<SimpleData name="DECRETO_REURB">11958 de 13 de janeiro de 2025</SimpleData>
		<SimpleData name="SITUACAO">Em regularização</SimpleData>
	</SchemaData></ExtendedData>
      <Polygon><outerBoundaryIs><LinearRing><coordinates>-47.3480872832183,-20.5408829250113 -47.3473407639075,-20.5410881986449 -47.3474551597584,-20.5414379626769 -47.346425638115,-20.5417299204115 -47.3462539500449,-20.5410084283787 -47.3467555052569,-20.5400600069446 -47.3475374636769,-20.5404268681738 -47.3479126036392,-20.540312928005 -47.3480872832183,-20.5408829250113</coordinates></LinearRing></outerBoundaryIs></Polygon>
  </Placemark>
  <Placemark id="REURB.125">
	<Style><LineStyle><color>ff0000ff</color></LineStyle><PolyStyle><fill>0</fill></PolyStyle></Style>
	<ExtendedData><SchemaData schemaUrl="#REURB">
		<SimpleData name="fid">125</SimpleData>
		<SimpleData name="PROCESSO">Processo de Regularização 2013018238
Conexos 2004015831 e 2002028123</SimpleData>
		<SimpleData name="NOME_LOTEAMENTO">Vale do Sol</SimpleData>
		<SimpleData name="SITUACAO">Em regularização</SimpleData>
	</SchemaData></ExtendedData>
      <Polygon><outerBoundaryIs><LinearRing><coordinates>-47.39602335833,-20.5877182271307 -47.3940839322145,-20.5868157367623 -47.393632013394,-20.5878408415568 -47.3935379234308,-20.5882419645111 -47.3933504207024,-20.5889242567016 -47.3929899198234,-20.5896028375169 -47.3923448192099,-20.5909150649084 -47.3918851518812,-20.5918540723432 -47.3915978440358,-20.5924188243562 -47.3913245486116,-20.5928485729254 -47.3914850223369,-20.5929005519323 -47.3920680016018,-20.5927198946353 -47.3930700721408,-20.5923525246855 -47.3935812755908,-20.5923696555935 -47.3938657286565,-20.5921109633456 -47.3941503187847,-20.5921285557771 -47.3963486646044,-20.589416473884 -47.39602335833,-20.5877182271307</coordinates></LinearRing></outerBoundaryIs></Polygon>
  </Placemark>
  <Placemark id="REURB.126">
	<Style><LineStyle><color>ff0000ff</color></LineStyle><PolyStyle><fill>0</fill></PolyStyle></Style>
	<ExtendedData><SchemaData schemaUrl="#REURB">
		<SimpleData name="fid">126</SimpleData>
		<SimpleData name="PROCESSO">Processo de Regularização 2019053331</SimpleData>
		<SimpleData name="NOME_LOTEAMENTO">Recanto Primavera</SimpleData>
		<SimpleData name="SITUACAO">Em regularização</SimpleData>
	</SchemaData></ExtendedData>
      <Polygon><outerBoundaryIs><LinearRing><coordinates>-47.3535969765766,-20.5849101733751 -47.352722878587,-20.5838404249147 -47.3522600328246,-20.5838404788191 -47.3517657330363,-20.584248406188 -47.3513640876847,-20.5845527893776 -47.3508995522768,-20.5846143228593 -47.350898905611,-20.5848745754076 -47.3507020912025,-20.5851732983069 -47.3507117655209,-20.5855471930172 -47.3506430152185,-20.5859117522563 -47.3504327164912,-20.5860517879565 -47.3510863383529,-20.5871604096852 -47.3511878835856,-20.5875090415882 -47.3516539135188,-20.5873275435385 -47.3522554142063,-20.5864533423312 -47.3521382788547,-20.5859869774454 -47.3535969765766,-20.5849101733751</coordinates></LinearRing></outerBoundaryIs></Polygon>
  </Placemark>
  <Placemark id="REURB.127">
	<Style><LineStyle><color>ff0000ff</color></LineStyle><PolyStyle><fill>0</fill></PolyStyle></Style>
	<ExtendedData><SchemaData schemaUrl="#REURB">
		<SimpleData name="fid">127</SimpleData>
		<SimpleData name="PROCESSO">2025RD0005</SimpleData>
		<SimpleData name="MODALIDADE">Reurb-E - Documental</SimpleData>
		<SimpleData name="NOME_LOTEAMENTO">Recanto da Colina (REURB)</SimpleData>
		<SimpleData name="SITUACAO">Em regularização</SimpleData>
	</SchemaData></ExtendedData>
      <Polygon><outerBoundaryIs><LinearRing><coordinates>-47.3421548287061,-20.5791955443658 -47.3391555722215,-20.5810981718052 -47.3371813056916,-20.5829218992188 -47.3354677125077,-20.5847582201399 -47.3367997043203,-20.5845858096408 -47.3377267645118,-20.5844536586331 -47.3387482925956,-20.5842404931642 -47.339424976528,-20.5841062437369 -47.3425810150889,-20.5815789767636 -47.3426847095366,-20.5801266924428 -47.3424767513843,-20.5796222124441 -47.3421548287061,-20.5791955443658</coordinates></LinearRing></outerBoundaryIs></Polygon>
  </Placemark>
  <Placemark id="REURB.128">
	<Style><LineStyle><color>ff0000ff</color></LineStyle><PolyStyle><fill>0</fill></PolyStyle></Style>
	<ExtendedData><SchemaData schemaUrl="#REURB">
		<SimpleData name="fid">128</SimpleData>
		<SimpleData name="PROCESSO">Processo de Regularização 2024003237</SimpleData>
		<SimpleData name="NOME_LOTEAMENTO">Recanto Três Porteiras</SimpleData>
		<SimpleData name="SITUACAO">Em regularização</SimpleData>
	</SchemaData></ExtendedData>
      <Polygon><outerBoundaryIs><LinearRing><coordinates>-47.3555402246186,-20.5704174984884 -47.3522640297409,-20.5681192797128 -47.3516982848035,-20.5689806478575 -47.3513998634697,-20.5695810972209 -47.3499658092724,-20.5713859843802 -47.3545558190421,-20.5746791515765 -47.3546041325528,-20.5760651605401 -47.3569750148614,-20.5756352591466 -47.3566201601811,-20.5731712851644 -47.3552124861173,-20.5708893521668 -47.3555402246186,-20.5704174984884</coordinates></LinearRing></outerBoundaryIs></Polygon>
  </Placemark>
  <Placemark id="REURB.129">
	<Style><LineStyle><color>ff0000ff</color></LineStyle><PolyStyle><fill>0</fill></PolyStyle></Style>
	<ExtendedData><SchemaData schemaUrl="#REURB">
		<SimpleData name="fid">129</SimpleData>
		<SimpleData name="PROCESSO">Processo de Regularização 2020016607</SimpleData>
		<SimpleData name="NOME_LOTEAMENTO">Recanto Santa Cruz</SimpleData>
		<SimpleData name="SITUACAO">Em regularização</SimpleData>
	</SchemaData></ExtendedData>
      <Polygon><outerBoundaryIs><LinearRing><coordinates>-47.38535292952,-20.550319937945 -47.3841127571209,-20.5501104718349 -47.3828330655719,-20.5499672949002 -47.3815929018549,-20.5499801334925 -47.3810497887802,-20.549964186433 -47.3810693024119,-20.5516399169187 -47.3810841518734,-20.5521232150336 -47.3833834988652,-20.5520901625992 -47.3833889285826,-20.5517887150155 -47.3835710132807,-20.5514141569997 -47.3838531144956,-20.551160538284 -47.3840379112174,-20.5511086993073 -47.3854277602955,-20.5512758521107 -47.385468633047,-20.5512817941117 -47.38535292952,-20.550319937945</coordinates></LinearRing></outerBoundaryIs></Polygon>
  </Placemark>
  <Placemark id="REURB.130">
	<Style><LineStyle><color>ff0000ff</color></LineStyle><PolyStyle><fill>0</fill></PolyStyle></Style>
	<ExtendedData><SchemaData schemaUrl="#REURB">
		<SimpleData name="fid">130</SimpleData>
		<SimpleData name="PROCESSO">Processo de Regularização 2022022942</SimpleData>
		<SimpleData name="NOME_LOTEAMENTO">Recanto Santa Clara</SimpleData>
		<SimpleData name="SITUACAO">Em regularização</SimpleData>
	</SchemaData></ExtendedData>
      <Polygon><outerBoundaryIs><LinearRing><coordinates>-47.3167526536897,-20.5350215156016 -47.3157394820709,-20.535212302912 -47.3156376137244,-20.5357567486642 -47.3154912024013,-20.5362238291994 -47.3153941931801,-20.5365864785392 -47.3152823063106,-20.5369516532401 -47.3151949104011,-20.5372937508476 -47.3150379913666,-20.5378589176567 -47.3165548964562,-20.537517433082 -47.3170416141293,-20.5373693739454 -47.3167750109299,-20.5350562398484 -47.3167526536897,-20.5350215156016</coordinates></LinearRing></outerBoundaryIs></Polygon>
  </Placemark>
  <Placemark id="REURB.131">
	<Style><LineStyle><color>ff0000ff</color></LineStyle><PolyStyle><fill>0</fill></PolyStyle></Style>
	<ExtendedData><SchemaData schemaUrl="#REURB">
		<SimpleData name="fid">131</SimpleData>
		<SimpleData name="NOME_LOTEAMENTO">Recanto Alvorada</SimpleData>
		<SimpleData name="OBSERVACAO">Aguardando apresentação de projetos</SimpleData>
		<SimpleData name="SITUACAO">Notificado</SimpleData>
	</SchemaData></ExtendedData>
      <Polygon><outerBoundaryIs><LinearRing><coordinates>-47.3152972955453,-20.5365439207137 -47.3137414701753,-20.5365352327899 -47.3137285216683,-20.5379339177568 -47.3142174774455,-20.5379625263015 -47.3148564393014,-20.537881352475 -47.3152972955453,-20.5365439207137</coordinates></LinearRing></outerBoundaryIs></Polygon>
  </Placemark>
  <Placemark id="REURB.132">
	<Style><LineStyle><color>ff0000ff</color></LineStyle><PolyStyle><fill>0</fill></PolyStyle></Style>
	<ExtendedData><SchemaData schemaUrl="#REURB">
		<SimpleData name="fid">132</SimpleData>
		<SimpleData name="NOME_LOTEAMENTO">Shalom</SimpleData>
		<SimpleData name="SITUACAO">Notificar</SimpleData>
	</SchemaData></ExtendedData>
      <Polygon><outerBoundaryIs><LinearRing><coordinates>-47.3192629335279,-20.5347673450768 -47.3193934880478,-20.5355427403287 -47.3190168552057,-20.5360628368992 -47.3189441983858,-20.536380330445 -47.3190217537841,-20.5365634233117 -47.3189409380929,-20.5366579892252 -47.3189862655129,-20.5366995848254 -47.318566585132,-20.5368571209609 -47.3183313469359,-20.5348471879004 -47.3192629335279,-20.5347673450768</coordinates></LinearRing></outerBoundaryIs></Polygon>
  </Placemark>
  <Placemark id="REURB.133">
	<Style><LineStyle><color>ff0000ff</color></LineStyle><PolyStyle><fill>0</fill></PolyStyle></Style>
	<ExtendedData><SchemaData schemaUrl="#REURB">
		<SimpleData name="fid">133</SimpleData>
		<SimpleData name="SITUACAO">Verificar</SimpleData>
	</SchemaData></ExtendedData>
      <Polygon><outerBoundaryIs><LinearRing><coordinates>-47.3304342135559,-20.5373185784649 -47.3308143730152,-20.5385267944908 -47.3296892766022,-20.5388394440868 -47.3296898914633,-20.5389457677997 -47.3285315046434,-20.5391941485836 -47.3280525875229,-20.5376108196979 -47.3287129998789,-20.537654595669 -47.3293309879813,-20.5375486743066 -47.3304342135559,-20.5373185784649</coordinates></LinearRing></outerBoundaryIs></Polygon>
  </Placemark>
  <Placemark id="REURB.134">
	<Style><LineStyle><color>ff0000ff</color></LineStyle><PolyStyle><fill>0</fill></PolyStyle></Style>
	<ExtendedData><SchemaData schemaUrl="#REURB">
		<SimpleData name="fid">134</SimpleData>
		<SimpleData name="NOME_LOTEAMENTO">Recanto Entre Amigos</SimpleData>
		<SimpleData name="SITUACAO">Notificar</SimpleData>
	</SchemaData></ExtendedData>
      <Polygon><outerBoundaryIs><LinearRing><coordinates>-47.3168243829718,-20.5337279528738 -47.3149438954858,-20.529905816094 -47.3141488201159,-20.5305393597644 -47.3164305476124,-20.5336150329783 -47.3168243829718,-20.5337279528738</coordinates></LinearRing></outerBoundaryIs></Polygon>
  </Placemark>
  <Placemark id="REURB.135">
	<Style><LineStyle><color>ff0000ff</color></LineStyle><PolyStyle><fill>0</fill></PolyStyle></Style>
	<ExtendedData><SchemaData schemaUrl="#REURB">
		<SimpleData name="fid">135</SimpleData>
		<SimpleData name="PROCESSO">Processo de regularização 2010042414</SimpleData>
		<SimpleData name="NOME_LOTEAMENTO">Recanto Esperança</SimpleData>
		<SimpleData name="SITUACAO">Em regularização</SimpleData>
	</SchemaData></ExtendedData>
      <Polygon><outerBoundaryIs><LinearRing><coordinates>-47.3163944933171,-20.5336462642565 -47.3129098226756,-20.5329506006329 -47.3115143036041,-20.5281470666654 -47.3125045030782,-20.5278710192779 -47.3127704082465,-20.5271055726514 -47.3130295142899,-20.5270638172375 -47.3139321790521,-20.5280984837384 -47.3138525894898,-20.5302113993233 -47.3163944933171,-20.5336462642565</coordinates></LinearRing></outerBoundaryIs></Polygon>
  </Placemark>
  <Placemark id="REURB.136">
	<Style><LineStyle><color>ff0000ff</color></LineStyle><PolyStyle><fill>0</fill></PolyStyle></Style>
	<ExtendedData><SchemaData schemaUrl="#REURB">
		<SimpleData name="fid">136</SimpleData>
		<SimpleData name="PROCESSO">2025RT0002
2025RD0001</SimpleData>
		<SimpleData name="MODALIDADE">Reurb-E - Técnico</SimpleData>
		<SimpleData name="NOME_LOTEAMENTO">Recanto Portal de Minas (REURB)</SimpleData>
		<SimpleData name="OBSERVACAO">Aguardando diretriz do parcelamento e não possui no processo o mapa</SimpleData>
		<SimpleData name="MATRICULA">45.937 e 52.796 – 1º RI</SimpleData>
		<SimpleData name="QUANT_LOTES">15</SimpleData>
		<SimpleData name="DECRETO_REURB">11936 de 03 de dezembro de 2024</SimpleData>
		<SimpleData name="SITUACAO">Em regularização</SimpleData>
	</SchemaData></ExtendedData>
      <Polygon><outerBoundaryIs><LinearRing><coordinates>-47.3128369995878,-20.5329407402997 -47.3097829659873,-20.5323531066262 -47.3093951286226,-20.5310331997893 -47.3103203912395,-20.5309417640235 -47.31002213426,-20.5302782836329 -47.3109672052973,-20.5300977892168 -47.3104153774113,-20.5282224437018 -47.311399136193,-20.5279291785674 -47.3128369995878,-20.5329407402997</coordinates></LinearRing></outerBoundaryIs></Polygon>
  </Placemark>
  <Placemark id="REURB.137">
	<Style><LineStyle><color>ff0000ff</color></LineStyle><PolyStyle><fill>0</fill></PolyStyle></Style>
	<ExtendedData><SchemaData schemaUrl="#REURB">
		<SimpleData name="fid">137</SimpleData>
		<SimpleData name="PROCESSO">Processo de Regularização antigo 2007004865</SimpleData>
		<SimpleData name="NOME_LOTEAMENTO">Lua Dourada</SimpleData>
		<SimpleData name="SITUACAO">Notificar</SimpleData>
	</SchemaData></ExtendedData>
      <Polygon><outerBoundaryIs><LinearRing><coordinates>-47.3061680186841,-20.5319500623702 -47.3082891892174,-20.5351936746396 -47.3097865240533,-20.5351335623889 -47.3102981797511,-20.5327424395437 -47.3062664627024,-20.5319660747386 -47.3061680186841,-20.5319500623702</coordinates></LinearRing></outerBoundaryIs></Polygon>
  </Placemark>
  <Placemark id="REURB.138">
	<Style><LineStyle><color>ff0000ff</color></LineStyle><PolyStyle><fill>0</fill></PolyStyle></Style>
	<ExtendedData><SchemaData schemaUrl="#REURB">
		<SimpleData name="fid">138</SimpleData>
		<SimpleData name="NOME_LOTEAMENTO">Recanto Palmeiras</SimpleData>
		<SimpleData name="SITUACAO">Notificar</SimpleData>
	</SchemaData></ExtendedData>
      <Polygon><outerBoundaryIs><LinearRing><coordinates>-47.3084973554922,-20.5294444639759 -47.3073270660126,-20.5297834163205 -47.3073140668521,-20.5312526854078 -47.3086599923013,-20.5311448758582 -47.3084973554922,-20.5294444639759</coordinates></LinearRing></outerBoundaryIs></Polygon>
  </Placemark>
  <Placemark id="REURB.139">
	<Style><LineStyle><color>ff0000ff</color></LineStyle><PolyStyle><fill>0</fill></PolyStyle></Style>
	<ExtendedData><SchemaData schemaUrl="#REURB">
		<SimpleData name="fid">139</SimpleData>
		<SimpleData name="NOME_LOTEAMENTO">Recanto da Mata</SimpleData>
		<SimpleData name="SITUACAO">Notificar</SimpleData>
	</SchemaData></ExtendedData>
      <Polygon><outerBoundaryIs><LinearRing><coordinates>-47.301378032765,-20.5226176663672 -47.3027218611444,-20.5245339905938 -47.3024002710578,-20.525083338007 -47.301739375514,-20.5258367629735 -47.3011984859736,-20.5263707422229 -47.2995295314547,-20.5245864221403 -47.3009825126544,-20.5234038861334 -47.3007369794605,-20.5231647341286 -47.301378032765,-20.5226176663672</coordinates></LinearRing></outerBoundaryIs></Polygon>
  </Placemark>
  <Placemark id="REURB.140">
	<Style><LineStyle><color>ff0000ff</color></LineStyle><PolyStyle><fill>0</fill></PolyStyle></Style>
	<ExtendedData><SchemaData schemaUrl="#REURB">
		<SimpleData name="fid">140</SimpleData>
		<SimpleData name="PROCESSO">Processo de Regularização 2014034986</SimpleData>
		<SimpleData name="NOME_LOTEAMENTO">Recanto Primavera</SimpleData>
		<SimpleData name="SITUACAO">Em regularização</SimpleData>
	</SchemaData></ExtendedData>
      <Polygon><outerBoundaryIs><LinearRing><coordinates>-47.2896522621302,-20.526079662383 -47.2879921411754,-20.5264841647085 -47.2885776615598,-20.5301010139964 -47.2903937095653,-20.5301351607072 -47.2896522621302,-20.526079662383</coordinates></LinearRing></outerBoundaryIs></Polygon>
  </Placemark>
  <Placemark id="REURB.141">
	<Style><LineStyle><color>ff0000ff</color></LineStyle><PolyStyle><fill>0</fill></PolyStyle></Style>
	<ExtendedData><SchemaData schemaUrl="#REURB">
		<SimpleData name="fid">141</SimpleData>
		<SimpleData name="NOME_LOTEAMENTO">Condomínio Prime</SimpleData>
		<SimpleData name="SITUACAO">Notificar</SimpleData>
	</SchemaData></ExtendedData>
      <Polygon><outerBoundaryIs><LinearRing><coordinates>-47.281211056172,-20.5277454772273 -47.2796661169969,-20.5279773957684 -47.2807110434291,-20.529714216783 -47.2819795346197,-20.5297033759647 -47.281211056172,-20.5277454772273</coordinates></LinearRing></outerBoundaryIs></Polygon>
  </Placemark>
  <Placemark id="REURB.142">
	<Style><LineStyle><color>ff0000ff</color></LineStyle><PolyStyle><fill>0</fill></PolyStyle></Style>
	<ExtendedData><SchemaData schemaUrl="#REURB">
		<SimpleData name="fid">142</SimpleData>
		<SimpleData name="PROCESSO">2025RD0025</SimpleData>
		<SimpleData name="MODALIDADE">Reurb-E - Documental</SimpleData>
		<SimpleData name="NOME_LOTEAMENTO">Nova Floresta (REURB)</SimpleData>
		<SimpleData name="SITUACAO">Em regularização</SimpleData>
	</SchemaData></ExtendedData>
      <Polygon><outerBoundaryIs><LinearRing><coordinates>-47.2771277062268,-20.5300287437517 -47.2750880121853,-20.5298625050647 -47.2734278702982,-20.533094543099 -47.2726202311001,-20.5348417257844 -47.2721575322906,-20.5374860451356 -47.2729084062687,-20.5380817418113 -47.274231203423,-20.537379212995 -47.2746285393543,-20.5378736157496 -47.2762283717662,-20.5370485212664 -47.276633987397,-20.5378923148442 -47.2772212887944,-20.5376279703241 -47.2790492269182,-20.5397052686043 -47.2796158293868,-20.5394585257429 -47.2802053846752,-20.540218631065 -47.2809998515092,-20.5397558680915 -47.27715448898,-20.5339654316193 -47.2752435490123,-20.5331566886392 -47.2771277062268,-20.5300287437517</coordinates></LinearRing></outerBoundaryIs></Polygon>
  </Placemark>
  <Placemark id="REURB.143">
	<Style><LineStyle><color>ff0000ff</color></LineStyle><PolyStyle><fill>0</fill></PolyStyle></Style>
	<ExtendedData><SchemaData schemaUrl="#REURB">
		<SimpleData name="fid">143</SimpleData>
		<SimpleData name="NOME_LOTEAMENTO">Condomínio Giancarli</SimpleData>
		<SimpleData name="OBSERVACAO">Aguardanto constituição de associação</SimpleData>
		<SimpleData name="SITUACAO">Notificado</SimpleData>
	</SchemaData></ExtendedData>
      <Polygon><outerBoundaryIs><LinearRing><coordinates>-47.2549428396509,-20.5212185978339 -47.2548070687638,-20.5224689672405 -47.2526835535173,-20.5216034661401 -47.2531634687398,-20.5203094160343 -47.2549428396509,-20.5212185978339</coordinates></LinearRing></outerBoundaryIs></Polygon>
  </Placemark>
  <Placemark id="REURB.144">
	<Style><LineStyle><color>ff0000ff</color></LineStyle><PolyStyle><fill>0</fill></PolyStyle></Style>
	<ExtendedData><SchemaData schemaUrl="#REURB">
		<SimpleData name="fid">144</SimpleData>
		<SimpleData name="NOME_LOTEAMENTO">Km 13</SimpleData>
		<SimpleData name="SITUACAO">Notificar</SimpleData>
	</SchemaData></ExtendedData>
      <Polygon><outerBoundaryIs><LinearRing><coordinates>-47.2409210074872,-20.5171128263851 -47.2398219657241,-20.5168062828107 -47.2394465726659,-20.5168319821854 -47.2390977540758,-20.5168610379621 -47.2387718217743,-20.5169257419727 -47.2383479685986,-20.5170789402208 -47.2374791386627,-20.5175053977587 -47.2380851996924,-20.517518305958 -47.2384373007266,-20.5176551938593 -47.2388491221686,-20.5178591810851 -47.2393597891163,-20.5181340933472 -47.2397491137726,-20.5177187250592 -47.2408279852667,-20.5180247855526 -47.2409210074872,-20.5171128263851</coordinates></LinearRing></outerBoundaryIs></Polygon>
  </Placemark>
  <Placemark id="REURB.145">
	<Style><LineStyle><color>ff0000ff</color></LineStyle><PolyStyle><fill>0</fill></PolyStyle></Style>
	<ExtendedData><SchemaData schemaUrl="#REURB">
		<SimpleData name="fid">145</SimpleData>
		<SimpleData name="NOME_LOTEAMENTO">Km 14,5</SimpleData>
		<SimpleData name="SITUACAO">Notificar</SimpleData>
	</SchemaData></ExtendedData>
      <Polygon><outerBoundaryIs><LinearRing><coordinates>-47.2290228908565,-20.5215188481064 -47.2272123044607,-20.522488691047 -47.2280565135357,-20.5253688961324 -47.2292590944732,-20.5252497061358 -47.2295058138448,-20.5225916947652 -47.229037175325,-20.5215935108851 -47.2290228908565,-20.5215188481064</coordinates></LinearRing></outerBoundaryIs></Polygon>
  </Placemark>
  <Placemark id="REURB.146">
	<Style><LineStyle><color>ff0000ff</color></LineStyle><PolyStyle><fill>0</fill></PolyStyle></Style>
	<ExtendedData><SchemaData schemaUrl="#REURB">
		<SimpleData name="fid">146</SimpleData>
		<SimpleData name="NOME_LOTEAMENTO">Km 14,5</SimpleData>
		<SimpleData name="SITUACAO">Notificar</SimpleData>
	</SchemaData></ExtendedData>
      <Polygon><outerBoundaryIs><LinearRing><coordinates>-47.2257957537359,-20.5172669437675 -47.2246659999669,-20.518516182485 -47.222292346778,-20.5166379624106 -47.2237936669536,-20.5149229676122 -47.2241648055108,-20.5152905432637 -47.224304363834,-20.5153404506855 -47.2257593585966,-20.5172345727764 -47.2257957537359,-20.5172669437675</coordinates></LinearRing></outerBoundaryIs></Polygon>
  </Placemark>
  <Placemark id="REURB.147">
	<Style><LineStyle><color>ff0000ff</color></LineStyle><PolyStyle><fill>0</fill></PolyStyle></Style>
	<ExtendedData><SchemaData schemaUrl="#REURB">
		<SimpleData name="fid">147</SimpleData>
		<SimpleData name="NOME_LOTEAMENTO">Km 15</SimpleData>
		<SimpleData name="SITUACAO">Notificar</SimpleData>
	</SchemaData></ExtendedData>
      <Polygon><outerBoundaryIs><LinearRing><coordinates>-47.2255760685472,-20.5230634925843 -47.225024562351,-20.5232006426474 -47.2245042720343,-20.5232119212711 -47.2241855304526,-20.5256690260817 -47.2248543182829,-20.5258996615615 -47.2249424795871,-20.5260982778692 -47.2263623730366,-20.5255799848083 -47.2256066756872,-20.5231608803555 -47.2255760685472,-20.5230634925843</coordinates></LinearRing></outerBoundaryIs></Polygon>
  </Placemark>
  <Placemark id="REURB.148">
	<Style><LineStyle><color>ff0000ff</color></LineStyle><PolyStyle><fill>0</fill></PolyStyle></Style>
	<ExtendedData><SchemaData schemaUrl="#REURB">
		<SimpleData name="fid">148</SimpleData>
		<SimpleData name="NOME_LOTEAMENTO">Km 15</SimpleData>
		<SimpleData name="SITUACAO">Notificar</SimpleData>
	</SchemaData></ExtendedData>
      <Polygon><outerBoundaryIs><LinearRing><coordinates>-47.2258664989022,-20.5225379408712 -47.2252981470804,-20.5227923809289 -47.2245093658853,-20.5229127641665 -47.2240602140363,-20.5228880477535 -47.2226937856325,-20.5226199410928 -47.2227914223808,-20.5220212911181 -47.2246742466634,-20.5224470484903 -47.2252093838804,-20.5225290904748 -47.2258443988803,-20.5225147098865 -47.2258664989022,-20.5225379408712</coordinates></LinearRing></outerBoundaryIs></Polygon>
  </Placemark>
  <Placemark id="REURB.149">
	<Style><LineStyle><color>ff0000ff</color></LineStyle><PolyStyle><fill>0</fill></PolyStyle></Style>
	<ExtendedData><SchemaData schemaUrl="#REURB">
		<SimpleData name="fid">149</SimpleData>
		<SimpleData name="NOME_LOTEAMENTO">Vale do Sol Nascente</SimpleData>
		<SimpleData name="SITUACAO">Notificar</SimpleData>
	</SchemaData></ExtendedData>
      <Polygon><outerBoundaryIs><LinearRing><coordinates>-47.2013234716813,-20.5459698219774 -47.2008653830299,-20.5461493465407 -47.20138451455,-20.5476766370897 -47.2018561869523,-20.5475174694929 -47.2019450979139,-20.5475555620861 -47.2025284381063,-20.5474281371612 -47.2024188542722,-20.5471366808704 -47.2025048240899,-20.5471055199762 -47.2023805653269,-20.5468085130787 -47.2017113535633,-20.5469986514134 -47.2013234716813,-20.5459698219774</coordinates></LinearRing></outerBoundaryIs></Polygon>
  </Placemark>
  <Placemark id="REURB.150">
	<Style><LineStyle><color>ff0000ff</color></LineStyle><PolyStyle><fill>0</fill></PolyStyle></Style>
	<ExtendedData><SchemaData schemaUrl="#REURB">
		<SimpleData name="fid">150</SimpleData>
		<SimpleData name="NOME_LOTEAMENTO">Jardim Canadá</SimpleData>
		<SimpleData name="SITUACAO">Regularizado</SimpleData>
	</SchemaData></ExtendedData>
      <Polygon><outerBoundaryIs><LinearRing><coordinates>-47.3299042889383,-20.5270952908486 -47.3280551867924,-20.5267002697869 -47.3252188631989,-20.5353571447868 -47.3275388238793,-20.535746800657 -47.330315922977,-20.5271856166898 -47.3299042889383,-20.5270952908486</coordinates></LinearRing></outerBoundaryIs></Polygon>
  </Placemark>
  <Placemark id="REURB.151">
	<Style><LineStyle><color>ff0000ff</color></LineStyle><PolyStyle><fill>0</fill></PolyStyle></Style>
	<ExtendedData><SchemaData schemaUrl="#REURB">
		<SimpleData name="fid">151</SimpleData>
		<SimpleData name="NOME_LOTEAMENTO">Villagio do Sol</SimpleData>
		<SimpleData name="SITUACAO">Regularizado</SimpleData>
	</SchemaData></ExtendedData>
      <Polygon><outerBoundaryIs><LinearRing><coordinates>-47.3129122639232,-20.5398514245121 -47.3130396916125,-20.5407392766405 -47.3122999368614,-20.5409613663874 -47.3126758144268,-20.5415886441119 -47.3133117341863,-20.5420348270266 -47.3143184034389,-20.5424797285179 -47.3128936451767,-20.5451131619524 -47.3141796657212,-20.5474203574357 -47.3139264918543,-20.5476127798028 -47.3130792025527,-20.5487313721518 -47.3122055741559,-20.5497877160989 -47.3107303751268,-20.550444671109 -47.3103324267793,-20.5505468571125 -47.3095313715293,-20.5501811279531 -47.3089669105453,-20.5492480773317 -47.3091729421218,-20.5473272785927 -47.3092376906255,-20.547080218064 -47.3086931435667,-20.5458310106639 -47.3089563614199,-20.5455687018453 -47.3085183613199,-20.5438738432544 -47.3076932928825,-20.54151693761 -47.3098009394929,-20.5412543611241 -47.3096697003343,-20.5402718174011 -47.3127844832876,-20.5398759560415 -47.3129122639232,-20.5398514245121</coordinates></LinearRing></outerBoundaryIs></Polygon>
  </Placemark>
  <Placemark id="REURB.152">
	<Style><LineStyle><color>ff0000ff</color></LineStyle><PolyStyle><fill>0</fill></PolyStyle></Style>
	<ExtendedData><SchemaData schemaUrl="#REURB">
		<SimpleData name="fid">152</SimpleData>
		<SimpleData name="NOME_LOTEAMENTO">Jardim Monte Carlo e Recanto Fortuna</SimpleData>
		<SimpleData name="SITUACAO">Regularizado</SimpleData>
	</SchemaData></ExtendedData>
      <Polygon><outerBoundaryIs><LinearRing><coordinates>-47.3564702885061,-20.4824498889241 -47.3565053892526,-20.4795266584044 -47.3595352864752,-20.4796745941087 -47.3598345754362,-20.4797411601663 -47.3604515258122,-20.479309664605 -47.361007468114,-20.4774275803081 -47.3645943592494,-20.4782808232991 -47.364961679878,-20.4783961837417 -47.3640133788888,-20.4821595146365 -47.3655832786756,-20.4846215333416 -47.3658150396813,-20.4836894240816 -47.3657811295901,-20.4822184665835 -47.3660624812522,-20.4823587478504 -47.3666738425023,-20.4821413063729 -47.3673900626936,-20.4816338072525 -47.36933520422,-20.4825401598077 -47.3718931733798,-20.4843028353045 -47.3739404151711,-20.485703174607 -47.3737624795813,-20.485985410686 -47.3744660627283,-20.4882834055452 -47.3714625615248,-20.4893841396523 -47.3673735494481,-20.4910504093447 -47.3680363444963,-20.4923338541517 -47.364599735458,-20.4938213267695 -47.3625368799944,-20.4909828780849 -47.3598682183387,-20.486718686486 -47.3577886195779,-20.483489748755 -47.3572675415255,-20.4828030087297 -47.3566551797661,-20.4824679739044 -47.3564702885061,-20.4824498889241</coordinates></LinearRing></outerBoundaryIs></Polygon>
  </Placemark>
  <Placemark id="REURB.153">
	<Style><LineStyle><color>ff0000ff</color></LineStyle><PolyStyle><fill>0</fill></PolyStyle></Style>
	<ExtendedData><SchemaData schemaUrl="#REURB">
		<SimpleData name="fid">153</SimpleData>
		<SimpleData name="PROCESSO">2025RD0015</SimpleData>
		<SimpleData name="MODALIDADE">Reurb-E - Documental</SimpleData>
		<SimpleData name="NOME_LOTEAMENTO">Parque do Mirante (REURB)</SimpleData>
		<SimpleData name="SITUACAO">Em regularização</SimpleData>
	</SchemaData></ExtendedData>
      <Polygon><outerBoundaryIs><LinearRing><coordinates>-47.3470072027678,-20.4754154710263 -47.3496897625955,-20.474420729667 -47.3498737980755,-20.4746694985819 -47.3503209438619,-20.4744255048261 -47.3502181662243,-20.4741115357236 -47.3531833943069,-20.4728067498424 -47.3519441356698,-20.4684413616888 -47.3502406794462,-20.4695417600107 -47.3500222920511,-20.4685262510273 -47.3455012350039,-20.4686497927254 -47.3448808953256,-20.4694160491332 -47.3461999692074,-20.4717358483704 -47.3469679606089,-20.4753379582573 -47.3470072027678,-20.4754154710263</coordinates></LinearRing></outerBoundaryIs></Polygon>
  </Placemark>
  <Placemark id="REURB.154">
	<Style><LineStyle><color>ff0000ff</color></LineStyle><PolyStyle><fill>0</fill></PolyStyle></Style>
	<ExtendedData><SchemaData schemaUrl="#REURB">
		<SimpleData name="fid">154</SimpleData>
		<SimpleData name="NOME_LOTEAMENTO">Vila Monte Verde</SimpleData>
		<SimpleData name="SITUACAO">Regularizado</SimpleData>
	</SchemaData></ExtendedData>
      <Polygon><outerBoundaryIs><LinearRing><coordinates>-47.3470839803398,-20.4759377665434 -47.3461358709059,-20.4758692559972 -47.3457565918726,-20.4756531850085 -47.3448753348478,-20.4735993540563 -47.3439718277714,-20.4736840191839 -47.3436192810571,-20.4721457426781 -47.3461882087321,-20.4717622068037 -47.3463708887438,-20.4724768935613 -47.3469010505663,-20.4753212131725 -47.3469033566615,-20.4755024948553 -47.3471051656305,-20.4759153637682 -47.3470839803398,-20.4759377665434</coordinates></LinearRing></outerBoundaryIs></Polygon>
  </Placemark>
  <Placemark id="REURB.155">
	<Style><LineStyle><color>ff0000ff</color></LineStyle><PolyStyle><fill>0</fill></PolyStyle></Style>
	<ExtendedData><SchemaData schemaUrl="#REURB">
		<SimpleData name="fid">155</SimpleData>
		<SimpleData name="PROCESSO">Processo de regularização 2021034071</SimpleData>
		<SimpleData name="NOME_LOTEAMENTO">Parque dos Ipês remanescente</SimpleData>
		<SimpleData name="SITUACAO">Em regularização</SimpleData>
	</SchemaData></ExtendedData>
      <Polygon><outerBoundaryIs><LinearRing><coordinates>-47.3281439185844,-20.4742095713096 -47.3270708500062,-20.4741867590275 -47.3260447651124,-20.4744615415053 -47.330597318635,-20.4795137411105 -47.3320546461911,-20.4783104433097 -47.3297257552582,-20.4757978731311 -47.3293001753964,-20.475283035617 -47.3281439185844,-20.4742095713096</coordinates></LinearRing></outerBoundaryIs></Polygon>
  </Placemark>
  <Placemark id="REURB.156">
	<Style><LineStyle><color>ff0000ff</color></LineStyle><PolyStyle><fill>0</fill></PolyStyle></Style>
	<ExtendedData><SchemaData schemaUrl="#REURB">
		<SimpleData name="fid">156</SimpleData>
		<SimpleData name="NOME_LOTEAMENTO">Parque dos Ipês</SimpleData>
		<SimpleData name="SITUACAO">Regularizado</SimpleData>
	</SchemaData></ExtendedData>
      <Polygon><outerBoundaryIs><LinearRing><coordinates>-47.3357482748068,-20.4827259589684 -47.3317490657056,-20.478642306714 -47.3305608282549,-20.4796366601262 -47.3258495166145,-20.474439376477 -47.324732256703,-20.4739283509039 -47.3237149225077,-20.473201946257 -47.3227934001413,-20.472419257015 -47.3221210498609,-20.4719453631014 -47.3216134406071,-20.4718106402473 -47.3202277456037,-20.4720726269497 -47.3215330280778,-20.4781224605694 -47.3216112221887,-20.4783870810704 -47.3220033402273,-20.4780722138182 -47.3222048671446,-20.478518842411 -47.3222618150523,-20.4789273852289 -47.3225545122438,-20.4792399934663 -47.3228562161176,-20.4789045624544 -47.323199823909,-20.4788517384697 -47.3235673181758,-20.4791638919712 -47.3236490154979,-20.4795413834752 -47.323841832336,-20.479890732029 -47.3241486216331,-20.4800776838447 -47.3243131051537,-20.480488189382 -47.3243293136323,-20.4808322266417 -47.3245766641918,-20.4813083387478 -47.3249965243382,-20.481270751665 -47.3252981834079,-20.4814881077751 -47.325277379591,-20.4817917744945 -47.3253195737656,-20.4821673856854 -47.325734323956,-20.482147549085 -47.3265640459916,-20.4822113441162 -47.3266912860797,-20.4824941447414 -47.3267272056647,-20.4826762850838 -47.326630271057,-20.4828241801667 -47.3265338572736,-20.4830883389467 -47.3265759611688,-20.4833735700038 -47.3267079542094,-20.4835387074366 -47.3268572594069,-20.4832754072473 -47.3270701434917,-20.4831342624209 -47.3271825679649,-20.4833487067501 -47.3272053213655,-20.4835502639071 -47.3271584520074,-20.4837872872523 -47.3270782386597,-20.4839781378417 -47.3274812901484,-20.4840388005239 -47.328194848481,-20.4841338825029 -47.3286565348241,-20.4843805910976 -47.3292048044205,-20.4847106349548 -47.3295482690061,-20.4849045208093 -47.3296460177612,-20.4852811025422 -47.3297430711098,-20.4856076388597 -47.3300382112346,-20.4857420016633 -47.3303649854668,-20.4860191380367 -47.3306323771471,-20.4862896767986 -47.3309258841744,-20.4865027979524 -47.3311022451634,-20.486578555865 -47.3314086930992,-20.4866803048445 -47.3317910128404,-20.4864885525936 -47.3354419366914,-20.4844827729972 -47.3364450958546,-20.4837150414198 -47.3365415304597,-20.4835892729169 -47.3357482748068,-20.4827259589684</coordinates></LinearRing></outerBoundaryIs></Polygon>
  </Placemark>
  <Placemark id="REURB.157">
	<Style><LineStyle><color>ff0000ff</color></LineStyle><PolyStyle><fill>0</fill></PolyStyle></Style>
	<ExtendedData><SchemaData schemaUrl="#REURB">
		<SimpleData name="fid">157</SimpleData>
		<SimpleData name="PROCESSO">Processo de Regularização 2023050248</SimpleData>
		<SimpleData name="NOME_LOTEAMENTO">Santa Marcelina</SimpleData>
		<SimpleData name="SITUACAO">Em regularização</SimpleData>
	</SchemaData></ExtendedData>
      <Polygon><outerBoundaryIs><LinearRing><coordinates>-47.3086836044995,-20.4577789146574 -47.3081629320198,-20.4577175241727 -47.3082045308724,-20.4595023583049 -47.3084909921538,-20.4602790960168 -47.3089108851058,-20.4608525776193 -47.3094102529507,-20.4611803899158 -47.3096780663229,-20.4612996612962 -47.3101306067452,-20.4619312311833 -47.3106308411389,-20.4620210268643 -47.3104437054573,-20.4624872453897 -47.3103692948168,-20.4629344365828 -47.3103576727067,-20.462983741698 -47.3104562496848,-20.4632451738658 -47.3107045992058,-20.4634562467791 -47.3107967419918,-20.4636641570627 -47.3106757330065,-20.4639005935417 -47.3106940144207,-20.4641503948526 -47.3111205222976,-20.4643832170667 -47.3114591112525,-20.4644627794206 -47.3117407406333,-20.4643560006614 -47.3119200611998,-20.4643095171429 -47.312097607671,-20.4645405013583 -47.312020629307,-20.4648153426332 -47.3119416108172,-20.465313972726 -47.3117644908408,-20.4658376774392 -47.3119028901736,-20.4664650194121 -47.312280336564,-20.4670745667651 -47.3125600709527,-20.4669680984558 -47.3128321486914,-20.4669899044143 -47.3129416906734,-20.4672562115504 -47.3132623239129,-20.467542282347 -47.3136040606691,-20.467663891701 -47.3139575991707,-20.4677675033049 -47.3144359979113,-20.4678576575656 -47.3172344081033,-20.4673832764483 -47.3172853903375,-20.4607319854715 -47.3168798361983,-20.4605290022616 -47.3164584428508,-20.4602786311383 -47.3160299940864,-20.4601460357426 -47.3155965156829,-20.4601656208403 -47.3152442214393,-20.4600805436049 -47.3149401627255,-20.4597996523832 -47.3147462128167,-20.4595816157145 -47.314583225537,-20.4597346818259 -47.3131381530471,-20.4586092731254 -47.3099274808327,-20.4579850450063 -47.3096242753732,-20.4578519457539 -47.3091231261647,-20.4580219272819 -47.3086836044995,-20.4577789146574</coordinates></LinearRing></outerBoundaryIs></Polygon>
  </Placemark>
  <Placemark id="REURB.158">
	<Style><LineStyle><color>ff0000ff</color></LineStyle><PolyStyle><fill>0</fill></PolyStyle></Style>
	<ExtendedData><SchemaData schemaUrl="#REURB">
		<SimpleData name="fid">158</SimpleData>
		<SimpleData name="PROCESSO">Processo de regularização 2023050233</SimpleData>
		<SimpleData name="NOME_LOTEAMENTO">Paiolzinho</SimpleData>
		<SimpleData name="SITUACAO">Em regularização</SimpleData>
	</SchemaData></ExtendedData>
      <Polygon><outerBoundaryIs><LinearRing><coordinates>-47.3076436519833,-20.4581560232266 -47.3065890275034,-20.4587683687793 -47.3068557817093,-20.459570276382 -47.3061514890397,-20.4596982005884 -47.3057502091141,-20.4599984507303 -47.3050311826685,-20.4601000324996 -47.3042155864274,-20.4603126455047 -47.3030326526257,-20.4600683277635 -47.3018148694268,-20.460139679008 -47.3009163485482,-20.4600913271797 -47.2997908316571,-20.4597351175886 -47.2982802920315,-20.459196528901 -47.2982827360097,-20.4640545667548 -47.3054530182904,-20.4631999058336 -47.3056096218529,-20.4635302190087 -47.3069300585516,-20.4630806754432 -47.3074229731749,-20.4631583775322 -47.3090041842701,-20.4617223962122 -47.3081021575897,-20.4604431828144 -47.3078040526763,-20.4593835549157 -47.3076643925239,-20.4582726989728 -47.3076436519833,-20.4581560232266</coordinates></LinearRing></outerBoundaryIs></Polygon>
  </Placemark>
  <Placemark id="REURB.159">
	<Style><LineStyle><color>ff0000ff</color></LineStyle><PolyStyle><fill>0</fill></PolyStyle></Style>
	<ExtendedData><SchemaData schemaUrl="#REURB">
		<SimpleData name="fid">159</SimpleData>
		<SimpleData name="NOME_LOTEAMENTO">Km 5 + 3.8 km</SimpleData>
		<SimpleData name="SITUACAO">Notificar</SimpleData>
	</SchemaData></ExtendedData>
      <Polygon><outerBoundaryIs><LinearRing><coordinates>-47.3039216513606,-20.4724849857368 -47.3021401904282,-20.4695182891609 -47.3012125244302,-20.4701101734855 -47.3006919262177,-20.4725969732591 -47.3007391832139,-20.4729052238312 -47.3039216513606,-20.4724849857368</coordinates></LinearRing></outerBoundaryIs></Polygon>
  </Placemark>
  <Placemark id="REURB.160">
	<Style><LineStyle><color>ff0000ff</color></LineStyle><PolyStyle><fill>0</fill></PolyStyle></Style>
	<ExtendedData><SchemaData schemaUrl="#REURB">
		<SimpleData name="fid">160</SimpleData>
		<SimpleData name="NOME_LOTEAMENTO">Barro Preto Bambus</SimpleData>
		<SimpleData name="OBSERVACAO">Local em monitoramento trimestral</SimpleData>
		<SimpleData name="SITUACAO">Em monitoramento</SimpleData>
	</SchemaData></ExtendedData>
      <Polygon><outerBoundaryIs><LinearRing><coordinates>-47.2933889661435,-20.478032826588 -47.2936505748227,-20.4793176934851 -47.2911642354314,-20.4797524837112 -47.2909364131424,-20.4797372433176 -47.290636602413,-20.4781823710501 -47.2908631086098,-20.4780729931285 -47.2912013618901,-20.4780748190257 -47.2913669597029,-20.477968938692 -47.2933889661435,-20.478032826588</coordinates></LinearRing></outerBoundaryIs></Polygon>
  </Placemark>
  <Placemark id="REURB.161">
	<Style><LineStyle><color>ff0000ff</color></LineStyle><PolyStyle><fill>0</fill></PolyStyle></Style>
	<ExtendedData><SchemaData schemaUrl="#REURB">
		<SimpleData name="fid">161</SimpleData>
		<SimpleData name="NOME_LOTEAMENTO">Recanto das Garças</SimpleData>
		<SimpleData name="SITUACAO">Notificar</SimpleData>
	</SchemaData></ExtendedData>
      <Polygon><outerBoundaryIs><LinearRing><coordinates>-47.3521095984222,-20.4390695190215 -47.3517086766585,-20.4419210370052 -47.3511859107842,-20.4419511750413 -47.3508764177315,-20.4420281926939 -47.3504100177422,-20.4426329525692 -47.3503378441538,-20.4428876615013 -47.3492518488453,-20.4434889902073 -47.3481567150896,-20.443707739655 -47.3463565767676,-20.4404067254097 -47.3479792000953,-20.4382124994867 -47.3489329341837,-20.4385432514996 -47.3511974193248,-20.4389531004023 -47.3521095984222,-20.4390695190215</coordinates></LinearRing></outerBoundaryIs></Polygon>
  </Placemark>
  <Placemark id="REURB.162">
	<Style><LineStyle><color>ff0000ff</color></LineStyle><PolyStyle><fill>0</fill></PolyStyle></Style>
	<ExtendedData><SchemaData schemaUrl="#REURB">
		<SimpleData name="fid">162</SimpleData>
		<SimpleData name="NOME_LOTEAMENTO">Recanto Feliz</SimpleData>
		<SimpleData name="SITUACAO">Notificar</SimpleData>
	</SchemaData></ExtendedData>
      <Polygon><outerBoundaryIs><LinearRing><coordinates>-47.3443974935969,-20.4433176881707 -47.3441300315726,-20.4433940930438 -47.3437759829613,-20.4427996191864 -47.3435690673371,-20.4425572734011 -47.3432213752982,-20.4424139831532 -47.3427574562343,-20.4423280900811 -47.3421079153057,-20.4422426204279 -47.3410232923384,-20.4419818054092 -47.3400405175428,-20.4417037242156 -47.3394754377451,-20.4413393030172 -47.3389513815357,-20.4403641163206 -47.3395422101949,-20.4397044058863 -47.342078535835,-20.4414919270511 -47.3425317817971,-20.4410105059442 -47.342699524583,-20.4412537502542 -47.3429980553858,-20.4415240290027 -47.3433575655026,-20.4418698730847 -47.3436118869514,-20.4421227000543 -47.3440108406128,-20.4423930626167 -47.3442339708345,-20.4426755037743 -47.3443328507945,-20.4429823272427 -47.3443974935969,-20.4433176881707</coordinates></LinearRing></outerBoundaryIs></Polygon>
  </Placemark>
  <Placemark id="REURB.163">
	<Style><LineStyle><color>ff0000ff</color></LineStyle><PolyStyle><fill>0</fill></PolyStyle></Style>
	<ExtendedData><SchemaData schemaUrl="#REURB">
		<SimpleData name="fid">163</SimpleData>
		<SimpleData name="NOME_LOTEAMENTO">Km 11</SimpleData>
		<SimpleData name="SITUACAO">Notificar</SimpleData>
	</SchemaData></ExtendedData>
      <Polygon><outerBoundaryIs><LinearRing><coordinates>-47.3158419804414,-20.4392187833747 -47.3142412510126,-20.43838702281 -47.3141765199131,-20.4386689013974 -47.3142396593077,-20.439285873343 -47.3146954250358,-20.4401484735278 -47.3147771829114,-20.4402683911652 -47.3158419804414,-20.4392187833747 -47.3158419804414,-20.4392187833747</coordinates></LinearRing></outerBoundaryIs></Polygon>
  </Placemark>
  <Placemark id="REURB.164">
	<Style><LineStyle><color>ff0000ff</color></LineStyle><PolyStyle><fill>0</fill></PolyStyle></Style>
	<ExtendedData><SchemaData schemaUrl="#REURB">
		<SimpleData name="fid">164</SimpleData>
		<SimpleData name="NOME_LOTEAMENTO">Km 11,5</SimpleData>
		<SimpleData name="SITUACAO">Notificar</SimpleData>
	</SchemaData></ExtendedData>
      <Polygon><outerBoundaryIs><LinearRing><coordinates>-47.3167723455294,-20.4357877191679 -47.3156042142872,-20.4353335761383 -47.3143434823848,-20.4361097230347 -47.3141892435819,-20.436508804375 -47.3137251280934,-20.4366509865163 -47.3140169925805,-20.437384587866 -47.3140313604059,-20.4380017009035 -47.31531343363,-20.4381812967456 -47.3155528983478,-20.4378415592627 -47.3163591611997,-20.4381436236019 -47.3165701129009,-20.4375983046107 -47.3160939285732,-20.437448440739 -47.3167723455294,-20.4357877191679</coordinates></LinearRing></outerBoundaryIs></Polygon>
  </Placemark>
  <Placemark id="REURB.165">
	<Style><LineStyle><color>ff0000ff</color></LineStyle><PolyStyle><fill>0</fill></PolyStyle></Style>
	<ExtendedData><SchemaData schemaUrl="#REURB">
		<SimpleData name="fid">165</SimpleData>
		<SimpleData name="NOME_LOTEAMENTO">km 11,5 + 1,2 km</SimpleData>
		<SimpleData name="SITUACAO">Notificar</SimpleData>
	</SchemaData></ExtendedData>
      <Polygon><outerBoundaryIs><LinearRing><coordinates>-47.3214838474693,-20.4295720236934 -47.3214314098632,-20.428773997973 -47.3213714657362,-20.4274947688554 -47.3201424145299,-20.427852454927 -47.3198485723563,-20.4278524628889 -47.3197441924291,-20.4283128366002 -47.3193027543291,-20.4284951464777 -47.3195144090439,-20.4304111969619 -47.3198214472621,-20.4328135273009 -47.3204196222143,-20.4331658206974 -47.3221528244901,-20.4325488092015 -47.3221950254588,-20.4324462563665 -47.322079240518,-20.4318210473067 -47.3220356096096,-20.4312763350301 -47.3218549155526,-20.4306491720716 -47.3216251265642,-20.4300695903225 -47.3214838474693,-20.4295720236934</coordinates></LinearRing></outerBoundaryIs></Polygon>
  </Placemark>
  <Placemark id="REURB.166">
	<Style><LineStyle><color>ff0000ff</color></LineStyle><PolyStyle><fill>0</fill></PolyStyle></Style>
	<ExtendedData><SchemaData schemaUrl="#REURB">
		<SimpleData name="fid">166</SimpleData>
		<SimpleData name="NOME_LOTEAMENTO">11,5 + 2,4 km</SimpleData>
		<SimpleData name="SITUACAO">Notificar</SimpleData>
	</SchemaData></ExtendedData>
      <Polygon><outerBoundaryIs><LinearRing><coordinates>-47.3191483578902,-20.4152563836893 -47.319534434831,-20.4172754134015 -47.3175769869575,-20.4175712960943 -47.3176867902096,-20.4159847737799 -47.3187274556446,-20.414794335302 -47.3188620246188,-20.4150321544517 -47.3191483578902,-20.4152563836893</coordinates></LinearRing></outerBoundaryIs></Polygon>
  </Placemark>
  <Placemark id="REURB.167">
	<Style><LineStyle><color>ff0000ff</color></LineStyle><PolyStyle><fill>0</fill></PolyStyle></Style>
	<ExtendedData><SchemaData schemaUrl="#REURB">
		<SimpleData name="fid">167</SimpleData>
		<SimpleData name="NOME_LOTEAMENTO">Recanto Bom Jardim</SimpleData>
		<SimpleData name="SITUACAO">Regularizado</SimpleData>
	</SchemaData></ExtendedData>
      <Polygon><outerBoundaryIs><LinearRing><coordinates>-47.4709764588965,-20.5324152471968 -47.4690773006771,-20.531590584995 -47.4707707213228,-20.5300719529567 -47.4712317670058,-20.5260866004792 -47.4702258787575,-20.5254670217567 -47.469283781493,-20.5257811268821 -47.4685305395309,-20.5279298675637 -47.4681040699774,-20.5290452372499 -47.4676694592288,-20.5298128878697 -47.4672734476049,-20.5306563207982 -47.4669525332726,-20.5312632904746 -47.4680376808908,-20.5342731382044 -47.4709764588965,-20.5324152471968</coordinates></LinearRing></outerBoundaryIs></Polygon>
  </Placemark>
  <Placemark id="REURB.168">
	<Style><LineStyle><color>ff0000ff</color></LineStyle><PolyStyle><fill>0</fill></PolyStyle></Style>
	<ExtendedData><SchemaData schemaUrl="#REURB">
		<SimpleData name="fid">168</SimpleData>
		<SimpleData name="NOME_LOTEAMENTO">Morada do Sol</SimpleData>
		<SimpleData name="SITUACAO">Regularizado</SimpleData>
	</SchemaData></ExtendedData>
      <Polygon><outerBoundaryIs><LinearRing><coordinates>-47.4695841320894,-20.5400075123213 -47.4654982380385,-20.5405473452142 -47.4656373239838,-20.5351388705536 -47.4655319030062,-20.532710050711 -47.4655145136409,-20.532468507583 -47.4639079320453,-20.5339595520927 -47.4637727843036,-20.5340540625521 -47.4626572006405,-20.5329355215496 -47.4655153406304,-20.5298003531387 -47.4668596851207,-20.5311500116875 -47.4678593653585,-20.5342024298648 -47.4684914203976,-20.5355301289327 -47.4688820560865,-20.5365090569596 -47.4691510901916,-20.537155109551 -47.4693688061561,-20.5384003898185 -47.4695841320894,-20.5400075123213</coordinates></LinearRing></outerBoundaryIs></Polygon>
  </Placemark>
  <Placemark id="REURB.169">
	<Style><LineStyle><color>ff0000ff</color></LineStyle><PolyStyle><fill>0</fill></PolyStyle></Style>
	<ExtendedData><SchemaData schemaUrl="#REURB">
		<SimpleData name="fid">169</SimpleData>
		<SimpleData name="NOME_LOTEAMENTO">Chácara Ouro Verde</SimpleData>
		<SimpleData name="SITUACAO">Regularizado</SimpleData>
	</SchemaData></ExtendedData>
      <Polygon><outerBoundaryIs><LinearRing><coordinates>-47.4637825100712,-20.5316690016131 -47.4605584749486,-20.529644290079 -47.4580679776511,-20.5323273703584 -47.4605159950609,-20.5352477112438 -47.4613732126186,-20.5362796022019 -47.4636512197869,-20.5340864946652 -47.4637082328608,-20.5340410492982 -47.4626085554467,-20.5329344245054 -47.4637825100712,-20.5316690016131</coordinates></LinearRing></outerBoundaryIs></Polygon>
  </Placemark>
  <Placemark id="REURB.170">
	<Style><LineStyle><color>ff0000ff</color></LineStyle><PolyStyle><fill>0</fill></PolyStyle></Style>
	<ExtendedData><SchemaData schemaUrl="#REURB">
		<SimpleData name="fid">170</SimpleData>
		<SimpleData name="NOME_LOTEAMENTO">Campestre Ouro Verde</SimpleData>
		<SimpleData name="SITUACAO">Regularizado</SimpleData>
	</SchemaData></ExtendedData>
      <Polygon><outerBoundaryIs><LinearRing><coordinates>-47.4875343641365,-20.5425754319145 -47.4822833331197,-20.5471437782626 -47.4804341253204,-20.5468363044657 -47.4811149019666,-20.5449551311775 -47.4814766964784,-20.5439715286822 -47.4843043420506,-20.5414511907721 -47.4865117884918,-20.541233785341 -47.4875343641365,-20.5425754319145</coordinates></LinearRing></outerBoundaryIs></Polygon>
  </Placemark>
  <Placemark id="REURB.171">
	<Style><LineStyle><color>ff0000ff</color></LineStyle><PolyStyle><fill>0</fill></PolyStyle></Style>
	<ExtendedData><SchemaData schemaUrl="#REURB">
		<SimpleData name="fid">171</SimpleData>
		<SimpleData name="SITUACAO">Notificar</SimpleData>
	</SchemaData></ExtendedData>
      <Polygon><outerBoundaryIs><LinearRing><coordinates>-47.4809958346402,-20.5449037100185 -47.4774576056068,-20.544619894581 -47.4773164817767,-20.5463486453041 -47.4802951940428,-20.5467230901716 -47.4809958346402,-20.5449037100185</coordinates></LinearRing></outerBoundaryIs></Polygon>
  </Placemark>
  <Placemark id="REURB.172">
	<Style><LineStyle><color>ff0000ff</color></LineStyle><PolyStyle><fill>0</fill></PolyStyle></Style>
	<ExtendedData><SchemaData schemaUrl="#REURB">
		<SimpleData name="fid">172</SimpleData>
		<SimpleData name="SITUACAO">Notificar</SimpleData>
	</SchemaData></ExtendedData>
      <Polygon><outerBoundaryIs><LinearRing><coordinates>-47.4784347498701,-20.5414367132515 -47.4777398175093,-20.5416404789527 -47.4777479016217,-20.5412735394463 -47.4771300098513,-20.5403077484086 -47.4753293913976,-20.5401526355506 -47.4759659359018,-20.5389482145572 -47.4763823144065,-20.5389887061383 -47.4770234761938,-20.5393366481411 -47.4773847428308,-20.5395200037323 -47.4784347498701,-20.5414367132515</coordinates></LinearRing></outerBoundaryIs></Polygon>
  </Placemark>
  <Placemark id="REURB.173">
	<Style><LineStyle><color>ff0000ff</color></LineStyle><PolyStyle><fill>0</fill></PolyStyle></Style>
	<ExtendedData><SchemaData schemaUrl="#REURB">
		<SimpleData name="fid">173</SimpleData>
		<SimpleData name="NOME_LOTEAMENTO">Patrimonial Bela Vista</SimpleData>
		<SimpleData name="SITUACAO">Notificado</SimpleData>
	</SchemaData></ExtendedData>
      <Polygon><outerBoundaryIs><LinearRing><coordinates>-47.5012830639889,-20.550209033439 -47.5009307387987,-20.5529060205359 -47.5008310515503,-20.5531825006914 -47.4979366260541,-20.5563230780847 -47.4977723903186,-20.5562484755028 -47.4972899885159,-20.5557704831239 -47.4990599528746,-20.5528590685879 -47.4992976660411,-20.5526524392847 -47.5000593555195,-20.552156740282 -47.5012017792732,-20.5502682489438 -47.5012830639889,-20.550209033439</coordinates></LinearRing></outerBoundaryIs></Polygon>
  </Placemark>
  <Placemark id="REURB.174">
	<Style><LineStyle><color>ff0000ff</color></LineStyle><PolyStyle><fill>0</fill></PolyStyle></Style>
	<ExtendedData><SchemaData schemaUrl="#REURB">
		<SimpleData name="fid">174</SimpleData>
		<SimpleData name="PROCESSO">Processo de Regularização 2023035552</SimpleData>
		<SimpleData name="NOME_LOTEAMENTO">Galheiros Bom Jardim</SimpleData>
		<SimpleData name="SITUACAO">Em regularização</SimpleData>
	</SchemaData></ExtendedData>
      <Polygon><outerBoundaryIs><LinearRing><coordinates>-47.5011288730371,-20.5502030134843 -47.5000075564675,-20.5521115425192 -47.4991606341721,-20.5526619357073 -47.4989931434102,-20.5528518079979 -47.4986300748327,-20.5533525023748 -47.4983879826609,-20.5538116563084 -47.4978660568956,-20.5546393912075 -47.4972335337207,-20.5556908124989 -47.4956594268822,-20.5541540939455 -47.4938403227564,-20.5527478065412 -47.4945703395369,-20.5519080877682 -47.4947418050941,-20.5519356060882 -47.4952985347881,-20.5510585870779 -47.4970185562438,-20.5507363830868 -47.4973042521238,-20.551061243256 -47.4977319669774,-20.5514046478265 -47.4983291077226,-20.5515870951532 -47.4987709550711,-20.5515698003569 -47.4993701450983,-20.5514436034552 -47.4999877840778,-20.5512026354681 -47.501031913052,-20.5502791557879 -47.5011288730371,-20.5502030134843</coordinates></LinearRing></outerBoundaryIs></Polygon>
  </Placemark>
  <Placemark id="REURB.175">
	<Style><LineStyle><color>ff0000ff</color></LineStyle><PolyStyle><fill>0</fill></PolyStyle></Style>
	<ExtendedData><SchemaData schemaUrl="#REURB">
		<SimpleData name="fid">175</SimpleData>
		<SimpleData name="PROCESSO">2025RD0029</SimpleData>
		<SimpleData name="MODALIDADE">Reurb-E - Documental</SimpleData>
		<SimpleData name="NOME_LOTEAMENTO">Recanto Bom Jardim II (REURB)</SimpleData>
		<SimpleData name="SITUACAO">Em regularização</SimpleData>
	</SchemaData></ExtendedData>
      <Polygon><outerBoundaryIs><LinearRing><coordinates>-47.5181611821314,-20.5195441231797 -47.5178942548273,-20.5223879223014 -47.5163442341962,-20.5221632628645 -47.5168829635118,-20.5196705305972 -47.5181611821314,-20.5195441231797</coordinates></LinearRing></outerBoundaryIs></Polygon>
  </Placemark>
  <Placemark id="REURB.176">
	<Style><LineStyle><color>ff0000ff</color></LineStyle><PolyStyle><fill>0</fill></PolyStyle></Style>
	<ExtendedData><SchemaData schemaUrl="#REURB">
		<SimpleData name="fid">176</SimpleData>
		<SimpleData name="PROCESSO">Processo de Regularização 2023013677</SimpleData>
		<SimpleData name="NOME_LOTEAMENTO">Recanto Aprazível</SimpleData>
		<SimpleData name="SITUACAO">Em regularização</SimpleData>
	</SchemaData></ExtendedData>
      <Polygon><outerBoundaryIs><LinearRing><coordinates>-47.4969813074999,-20.5129774504551 -47.4948583819175,-20.5122534247197 -47.4932005426926,-20.5107657470101 -47.4906141796612,-20.5130513479574 -47.4925905213582,-20.5148780879921 -47.4945514481706,-20.5153280282771 -47.4969813074999,-20.5129774504551</coordinates></LinearRing></outerBoundaryIs></Polygon>
  </Placemark>
  <Placemark id="REURB.177">
	<Style><LineStyle><color>ff0000ff</color></LineStyle><PolyStyle><fill>0</fill></PolyStyle></Style>
	<ExtendedData><SchemaData schemaUrl="#REURB">
		<SimpleData name="fid">177</SimpleData>
		<SimpleData name="NOME_LOTEAMENTO">Recanto dos Indaias</SimpleData>
		<SimpleData name="SITUACAO">Verificar</SimpleData>
	</SchemaData></ExtendedData>
      <Polygon><outerBoundaryIs><LinearRing><coordinates>-47.4724192063644,-20.500200523608 -47.470721358934,-20.50154357834 -47.473265229996,-20.5027474767695 -47.4743507603187,-20.5011265481913 -47.4724692850095,-20.5002175539305 -47.4724192063644,-20.500200523608</coordinates></LinearRing></outerBoundaryIs></Polygon>
  </Placemark>
  <Placemark id="REURB.178">
	<Style><LineStyle><color>ff0000ff</color></LineStyle><PolyStyle><fill>0</fill></PolyStyle></Style>
	<ExtendedData><SchemaData schemaUrl="#REURB">
		<SimpleData name="fid">178</SimpleData>
		<SimpleData name="OBSERVACAO">Denúncia</SimpleData>
		<SimpleData name="SITUACAO">Notificar</SimpleData>
	</SchemaData></ExtendedData>
      <Polygon><outerBoundaryIs><LinearRing><coordinates>-47.4752479069148,-20.4788929145236 -47.4729013998694,-20.479838055906 -47.4715816763097,-20.480479506991 -47.4726642645617,-20.4830948938399 -47.4762726598364,-20.4815392920895 -47.4752479069148,-20.4788929145236</coordinates></LinearRing></outerBoundaryIs></Polygon>
  </Placemark>
  <Placemark id="REURB.179">
	<Style><LineStyle><color>ff0000ff</color></LineStyle><PolyStyle><fill>0</fill></PolyStyle></Style>
	<ExtendedData><SchemaData schemaUrl="#REURB">
		<SimpleData name="fid">179</SimpleData>
		<SimpleData name="NOME_LOTEAMENTO">Recanto das Hortências</SimpleData>
		<SimpleData name="SITUACAO">Em regularização</SimpleData>
	</SchemaData></ExtendedData>
      <Polygon><outerBoundaryIs><LinearRing><coordinates>-47.4808800769174,-20.4895032075543 -47.4803669313343,-20.4893013043842 -47.4800363652765,-20.4902572341812 -47.4793120067239,-20.4905063446115 -47.4789194648603,-20.491980899737 -47.4807840972819,-20.49185668086 -47.4808800769174,-20.4895032075543</coordinates></LinearRing></outerBoundaryIs></Polygon>
  </Placemark>
  <Placemark id="REURB.180">
	<Style><LineStyle><color>ff0000ff</color></LineStyle><PolyStyle><fill>0</fill></PolyStyle></Style>
	<ExtendedData><SchemaData schemaUrl="#REURB">
		<SimpleData name="fid">180</SimpleData>
		<SimpleData name="NOME_LOTEAMENTO">Vale Verde</SimpleData>
		<SimpleData name="SITUACAO">Notificar</SimpleData>
	</SchemaData></ExtendedData>
      <Polygon><outerBoundaryIs><LinearRing><coordinates>-47.4462579741272,-20.5072045299488 -47.441297830067,-20.509248382682 -47.4457576363282,-20.5132205924463 -47.4486911397709,-20.5136941991447 -47.4489310146217,-20.5141678161131 -47.4494211609863,-20.5139169858016 -47.4462579741272,-20.5072045299488</coordinates></LinearRing></outerBoundaryIs></Polygon>
  </Placemark>
  <Placemark id="REURB.181">
	<Style><LineStyle><color>ff0000ff</color></LineStyle><PolyStyle><fill>0</fill></PolyStyle></Style>
	<ExtendedData><SchemaData schemaUrl="#REURB">
		<SimpleData name="fid">181</SimpleData>
		<SimpleData name="NOME_LOTEAMENTO">Domingos Jardini</SimpleData>
		<SimpleData name="SITUACAO">Notificar</SimpleData>
	</SchemaData></ExtendedData>
      <Polygon><outerBoundaryIs><LinearRing><coordinates>-47.4543331631308,-20.4952562615778 -47.453612338641,-20.4953515463861 -47.4537673864081,-20.497474918315 -47.4544987139369,-20.4974071915569 -47.4543331631308,-20.4952562615778</coordinates></LinearRing></outerBoundaryIs></Polygon>
  </Placemark>
  <Placemark id="REURB.182">
	<Style><LineStyle><color>ff0000ff</color></LineStyle><PolyStyle><fill>0</fill></PolyStyle></Style>
	<ExtendedData><SchemaData schemaUrl="#REURB">
		<SimpleData name="fid">182</SimpleData>
		<SimpleData name="NOME_LOTEAMENTO">Brilho do Sol</SimpleData>
		<SimpleData name="SITUACAO">Notificar</SimpleData>
	</SchemaData></ExtendedData>
      <Polygon><outerBoundaryIs><LinearRing><coordinates>-47.4535721836007,-20.4953455489773 -47.4522669663385,-20.495520362635 -47.4520979452648,-20.4976153151203 -47.4537184998969,-20.4974934187782 -47.4535721836007,-20.4953455489773</coordinates></LinearRing></outerBoundaryIs></Polygon>
  </Placemark>
  <Placemark id="REURB.183">
	<Style><LineStyle><color>ff0000ff</color></LineStyle><PolyStyle><fill>0</fill></PolyStyle></Style>
	<ExtendedData><SchemaData schemaUrl="#REURB">
		<SimpleData name="fid">183</SimpleData>
		<SimpleData name="NOME_LOTEAMENTO">Recanto Taveira</SimpleData>
		<SimpleData name="SITUACAO">Verificar</SimpleData>
	</SchemaData></ExtendedData>
      <Polygon><outerBoundaryIs><LinearRing><coordinates>-47.3494579134369,-20.5718303354754 -47.3463407250415,-20.5707660469001 -47.3461493039307,-20.570865222732 -47.3475599440615,-20.574224770243 -47.3494579134369,-20.5718303354754</coordinates></LinearRing></outerBoundaryIs></Polygon>
  </Placemark>
</Folder>
</Document></kml>
